2025-12-15T00:00:40.580+08:00  INFO 80457 --- [ai-model-call] [http-nio-40000-exec-9] c.s.a.s.impl.ReverseParseServiceImpl     : 物理删除模型 chat1 的旧配置项，共删除 9 条记录
2025-12-15T00:01:49.559+08:00  INFO 89235 --- [ai-model-call] [main] c.scccy.aimodel.AiModelCallApplication   : Starting AiModelCallApplication using Java 17.0.16 with PID 89235 (/Volumes/project/github/ai/target/classes started by shici in /Volumes/project/github/ai)
2025-12-15T00:01:49.559+08:00  INFO 89235 --- [ai-model-call] [main] c.scccy.aimodel.AiModelCallApplication   : No active profile set, falling back to 1 default profile: "default"
2025-12-15T00:01:49.838+08:00  INFO 89235 --- [ai-model-call] [main] .s.a.c.BeanDefinitionDiagnosticProcessor : ============== 开始诊断 BeanDefinition ==============
2025-12-15T00:01:49.838+08:00  INFO 89235 --- [ai-model-call] [main] .s.a.c.BeanDefinitionDiagnosticProcessor : ✓ 未发现 factoryBeanObjectType 类型异常的 Bean
2025-12-15T00:01:49.838+08:00  INFO 89235 --- [ai-model-call] [main] .s.a.c.BeanDefinitionDiagnosticProcessor : ============== 诊断完成 ==============
2025-12-15T00:01:49.941+08:00  INFO 89235 --- [ai-model-call] [main] o.s.b.w.embedded.tomcat.TomcatWebServer  : Tomcat initialized with port 40000 (http)
2025-12-15T00:01:49.945+08:00  INFO 89235 --- [ai-model-call] [main] o.apache.catalina.core.StandardService   : Starting service [Tomcat]
2025-12-15T00:01:49.945+08:00  INFO 89235 --- [ai-model-call] [main] o.apache.catalina.core.StandardEngine    : Starting Servlet engine: [Apache Tomcat/10.1.20]
2025-12-15T00:01:49.962+08:00  INFO 89235 --- [ai-model-call] [main] o.a.c.c.C.[Tomcat].[localhost].[/]       : Initializing Spring embedded WebApplicationContext
2025-12-15T00:01:49.962+08:00  INFO 89235 --- [ai-model-call] [main] w.s.c.ServletWebServerApplicationContext : Root WebApplicationContext: initialization completed in 387 ms
2025-12-15T00:01:50.149+08:00  WARN 89235 --- [ai-model-call] [main] c.b.m.core.injector.DefaultSqlInjector   : class com.scccy.aimodel.domain.mp.DimDictionaryMappingMp ,Not found @TableId annotation, Cannot use Mybatis-Plus 'xxById' Method.
2025-12-15T00:01:50.330+08:00  INFO 89235 --- [ai-model-call] [main] m.e.s.MybatisPlusApplicationContextAware : Register ApplicationContext instances org.springframework.boot.web.servlet.context.AnnotationConfigServletWebServerApplicationContext@5b7ea70d
2025-12-15T00:01:50.367+08:00  INFO 89235 --- [ai-model-call] [main] o.s.b.w.embedded.tomcat.TomcatWebServer  : Tomcat started on port 40000 (http) with context path ''
2025-12-15T00:01:50.371+08:00  INFO 89235 --- [ai-model-call] [main] c.scccy.aimodel.AiModelCallApplication   : Started AiModelCallApplication in 0.967 seconds (process running for 2.177)
2025-12-15T00:01:56.688+08:00  INFO 89235 --- [ai-model-call] [http-nio-40000-exec-1] o.a.c.c.C.[Tomcat].[localhost].[/]       : Initializing Spring DispatcherServlet 'dispatcherServlet'
2025-12-15T00:01:56.688+08:00  INFO 89235 --- [ai-model-call] [http-nio-40000-exec-1] o.s.web.servlet.DispatcherServlet        : Initializing Servlet 'dispatcherServlet'
2025-12-15T00:01:56.689+08:00  INFO 89235 --- [ai-model-call] [http-nio-40000-exec-1] o.s.web.servlet.DispatcherServlet        : Completed initialization in 1 ms
2025-12-15T00:02:03.806+08:00  INFO 89235 --- [ai-model-call] [http-nio-40000-exec-2] com.zaxxer.hikari.HikariDataSource       : HikariCP - Starting...
2025-12-15T00:02:03.940+08:00  INFO 89235 --- [ai-model-call] [http-nio-40000-exec-2] com.zaxxer.hikari.pool.HikariPool        : HikariCP - Added connection com.mysql.cj.jdbc.ConnectionImpl@1d83dcd3
2025-12-15T00:02:03.941+08:00  INFO 89235 --- [ai-model-call] [http-nio-40000-exec-2] com.zaxxer.hikari.HikariDataSource       : HikariCP - Start completed.
2025-12-15T00:02:03.993+08:00  INFO 89235 --- [ai-model-call] [http-nio-40000-exec-2] c.s.a.s.impl.ReverseParseServiceImpl     : 物理删除模型 chat1 的旧配置项，共删除 9 条记录
2025-12-15T00:05:39.448+08:00  INFO 90515 --- [ai-model-call] [main] c.scccy.aimodel.AiModelCallApplication   : Starting AiModelCallApplication using Java 17.0.16 with PID 90515 (/Volumes/project/github/ai/target/classes started by shici in /Volumes/project/github/ai)
2025-12-15T00:05:39.449+08:00  INFO 90515 --- [ai-model-call] [main] c.scccy.aimodel.AiModelCallApplication   : No active profile set, falling back to 1 default profile: "default"
2025-12-15T00:05:39.746+08:00  INFO 90515 --- [ai-model-call] [main] .s.a.c.BeanDefinitionDiagnosticProcessor : ============== 开始诊断 BeanDefinition ==============
2025-12-15T00:05:39.747+08:00  INFO 90515 --- [ai-model-call] [main] .s.a.c.BeanDefinitionDiagnosticProcessor : ✓ 未发现 factoryBeanObjectType 类型异常的 Bean
2025-12-15T00:05:39.747+08:00  INFO 90515 --- [ai-model-call] [main] .s.a.c.BeanDefinitionDiagnosticProcessor : ============== 诊断完成 ==============
2025-12-15T00:05:39.851+08:00  INFO 90515 --- [ai-model-call] [main] o.s.b.w.embedded.tomcat.TomcatWebServer  : Tomcat initialized with port 40000 (http)
2025-12-15T00:05:39.856+08:00  INFO 90515 --- [ai-model-call] [main] o.apache.catalina.core.StandardService   : Starting service [Tomcat]
2025-12-15T00:05:39.856+08:00  INFO 90515 --- [ai-model-call] [main] o.apache.catalina.core.StandardEngine    : Starting Servlet engine: [Apache Tomcat/10.1.20]
2025-12-15T00:05:39.875+08:00  INFO 90515 --- [ai-model-call] [main] o.a.c.c.C.[Tomcat].[localhost].[/]       : Initializing Spring embedded WebApplicationContext
2025-12-15T00:05:39.875+08:00  INFO 90515 --- [ai-model-call] [main] w.s.c.ServletWebServerApplicationContext : Root WebApplicationContext: initialization completed in 406 ms
2025-12-15T00:05:40.056+08:00  WARN 90515 --- [ai-model-call] [main] c.b.m.core.injector.DefaultSqlInjector   : class com.scccy.aimodel.domain.mp.DimDictionaryMappingMp ,Not found @TableId annotation, Cannot use Mybatis-Plus 'xxById' Method.
2025-12-15T00:05:40.209+08:00  INFO 90515 --- [ai-model-call] [main] m.e.s.MybatisPlusApplicationContextAware : Register ApplicationContext instances org.springframework.boot.web.servlet.context.AnnotationConfigServletWebServerApplicationContext@4de41af9
2025-12-15T00:05:40.242+08:00  INFO 90515 --- [ai-model-call] [main] o.s.b.w.embedded.tomcat.TomcatWebServer  : Tomcat started on port 40000 (http) with context path ''
2025-12-15T00:05:40.247+08:00  INFO 90515 --- [ai-model-call] [main] c.scccy.aimodel.AiModelCallApplication   : Started AiModelCallApplication in 0.947 seconds (process running for 1.44)
2025-12-15T00:05:47.557+08:00  INFO 90515 --- [ai-model-call] [http-nio-40000-exec-1] o.a.c.c.C.[Tomcat].[localhost].[/]       : Initializing Spring DispatcherServlet 'dispatcherServlet'
2025-12-15T00:05:47.557+08:00  INFO 90515 --- [ai-model-call] [http-nio-40000-exec-1] o.s.web.servlet.DispatcherServlet        : Initializing Servlet 'dispatcherServlet'
2025-12-15T00:05:47.558+08:00  INFO 90515 --- [ai-model-call] [http-nio-40000-exec-1] o.s.web.servlet.DispatcherServlet        : Completed initialization in 1 ms
2025-12-15T00:05:49.951+08:00  INFO 90515 --- [ai-model-call] [http-nio-40000-exec-2] com.zaxxer.hikari.HikariDataSource       : HikariCP - Starting...
2025-12-15T00:05:50.055+08:00  INFO 90515 --- [ai-model-call] [http-nio-40000-exec-2] com.zaxxer.hikari.pool.HikariPool        : HikariCP - Added connection com.mysql.cj.jdbc.ConnectionImpl@3b01b01e
2025-12-15T00:05:50.056+08:00  INFO 90515 --- [ai-model-call] [http-nio-40000-exec-2] com.zaxxer.hikari.HikariDataSource       : HikariCP - Start completed.
2025-12-15T00:05:50.106+08:00  INFO 90515 --- [ai-model-call] [http-nio-40000-exec-2] c.s.a.s.impl.ReverseParseServiceImpl     : 物理删除模型 chat1 的旧配置项，共删除 7 条记录
2025-12-15T00:06:32.062+08:00  INFO 90842 --- [ai-model-call] [main] c.scccy.aimodel.AiModelCallApplication   : Starting AiModelCallApplication using Java 17.0.16 with PID 90842 (/Volumes/project/github/ai/target/classes started by shici in /Volumes/project/github/ai)
2025-12-15T00:06:32.063+08:00  INFO 90842 --- [ai-model-call] [main] c.scccy.aimodel.AiModelCallApplication   : No active profile set, falling back to 1 default profile: "default"
2025-12-15T00:06:32.386+08:00  INFO 90842 --- [ai-model-call] [main] .s.a.c.BeanDefinitionDiagnosticProcessor : ============== 开始诊断 BeanDefinition ==============
2025-12-15T00:06:32.386+08:00  INFO 90842 --- [ai-model-call] [main] .s.a.c.BeanDefinitionDiagnosticProcessor : ✓ 未发现 factoryBeanObjectType 类型异常的 Bean
2025-12-15T00:06:32.387+08:00  INFO 90842 --- [ai-model-call] [main] .s.a.c.BeanDefinitionDiagnosticProcessor : ============== 诊断完成 ==============
2025-12-15T00:06:32.500+08:00  INFO 90842 --- [ai-model-call] [main] o.s.b.w.embedded.tomcat.TomcatWebServer  : Tomcat initialized with port 40000 (http)
2025-12-15T00:06:32.505+08:00  INFO 90842 --- [ai-model-call] [main] o.apache.catalina.core.StandardService   : Starting service [Tomcat]
2025-12-15T00:06:32.505+08:00  INFO 90842 --- [ai-model-call] [main] o.apache.catalina.core.StandardEngine    : Starting Servlet engine: [Apache Tomcat/10.1.20]
2025-12-15T00:06:32.524+08:00  INFO 90842 --- [ai-model-call] [main] o.a.c.c.C.[Tomcat].[localhost].[/]       : Initializing Spring embedded WebApplicationContext
2025-12-15T00:06:32.524+08:00  INFO 90842 --- [ai-model-call] [main] w.s.c.ServletWebServerApplicationContext : Root WebApplicationContext: initialization completed in 442 ms
2025-12-15T00:06:32.752+08:00  WARN 90842 --- [ai-model-call] [main] c.b.m.core.injector.DefaultSqlInjector   : class com.scccy.aimodel.domain.mp.DimDictionaryMappingMp ,Not found @TableId annotation, Cannot use Mybatis-Plus 'xxById' Method.
2025-12-15T00:06:32.955+08:00  INFO 90842 --- [ai-model-call] [main] m.e.s.MybatisPlusApplicationContextAware : Register ApplicationContext instances org.springframework.boot.web.servlet.context.AnnotationConfigServletWebServerApplicationContext@4de41af9
2025-12-15T00:06:32.992+08:00  INFO 90842 --- [ai-model-call] [main] o.s.b.w.embedded.tomcat.TomcatWebServer  : Tomcat started on port 40000 (http) with context path ''
2025-12-15T00:06:32.996+08:00  INFO 90842 --- [ai-model-call] [main] c.scccy.aimodel.AiModelCallApplication   : Started AiModelCallApplication in 1.082 seconds (process running for 1.567)
2025-12-15T00:06:39.244+08:00  INFO 90842 --- [ai-model-call] [http-nio-40000-exec-1] o.a.c.c.C.[Tomcat].[localhost].[/]       : Initializing Spring DispatcherServlet 'dispatcherServlet'
2025-12-15T00:06:39.245+08:00  INFO 90842 --- [ai-model-call] [http-nio-40000-exec-1] o.s.web.servlet.DispatcherServlet        : Initializing Servlet 'dispatcherServlet'
2025-12-15T00:06:39.246+08:00  INFO 90842 --- [ai-model-call] [http-nio-40000-exec-1] o.s.web.servlet.DispatcherServlet        : Completed initialization in 1 ms
2025-12-15T00:06:41.504+08:00  INFO 90842 --- [ai-model-call] [http-nio-40000-exec-2] com.zaxxer.hikari.HikariDataSource       : HikariCP - Starting...
2025-12-15T00:06:41.617+08:00  INFO 90842 --- [ai-model-call] [http-nio-40000-exec-2] com.zaxxer.hikari.pool.HikariPool        : HikariCP - Added connection com.mysql.cj.jdbc.ConnectionImpl@151aecb5
2025-12-15T00:06:41.618+08:00  INFO 90842 --- [ai-model-call] [http-nio-40000-exec-2] com.zaxxer.hikari.HikariDataSource       : HikariCP - Start completed.
2025-12-15T00:06:41.661+08:00  INFO 90842 --- [ai-model-call] [http-nio-40000-exec-2] c.s.a.s.impl.ReverseParseServiceImpl     : 物理删除模型 chat1 的旧配置项，共删除 7 条记录
2025-12-15T00:09:53.414+08:00  INFO 92234 --- [ai-model-call] [main] c.scccy.aimodel.AiModelCallApplication   : Starting AiModelCallApplication using Java 17.0.16 with PID 92234 (/Volumes/project/github/ai/target/classes started by shici in /Volumes/project/github/ai)
2025-12-15T00:09:53.415+08:00  INFO 92234 --- [ai-model-call] [main] c.scccy.aimodel.AiModelCallApplication   : No active profile set, falling back to 1 default profile: "default"
2025-12-15T00:09:53.678+08:00  INFO 92234 --- [ai-model-call] [main] .s.a.c.BeanDefinitionDiagnosticProcessor : ============== 开始诊断 BeanDefinition ==============
2025-12-15T00:09:53.679+08:00  INFO 92234 --- [ai-model-call] [main] .s.a.c.BeanDefinitionDiagnosticProcessor : ✓ 未发现 factoryBeanObjectType 类型异常的 Bean
2025-12-15T00:09:53.679+08:00  INFO 92234 --- [ai-model-call] [main] .s.a.c.BeanDefinitionDiagnosticProcessor : ============== 诊断完成 ==============
2025-12-15T00:09:53.780+08:00  INFO 92234 --- [ai-model-call] [main] o.s.b.w.embedded.tomcat.TomcatWebServer  : Tomcat initialized with port 40000 (http)
2025-12-15T00:09:53.785+08:00  INFO 92234 --- [ai-model-call] [main] o.apache.catalina.core.StandardService   : Starting service [Tomcat]
2025-12-15T00:09:53.785+08:00  INFO 92234 --- [ai-model-call] [main] o.apache.catalina.core.StandardEngine    : Starting Servlet engine: [Apache Tomcat/10.1.20]
2025-12-15T00:09:53.802+08:00  INFO 92234 --- [ai-model-call] [main] o.a.c.c.C.[Tomcat].[localhost].[/]       : Initializing Spring embedded WebApplicationContext
2025-12-15T00:09:53.803+08:00  INFO 92234 --- [ai-model-call] [main] w.s.c.ServletWebServerApplicationContext : Root WebApplicationContext: initialization completed in 371 ms
2025-12-15T00:09:53.975+08:00  WARN 92234 --- [ai-model-call] [main] c.b.m.core.injector.DefaultSqlInjector   : class com.scccy.aimodel.domain.mp.DimDictionaryMappingMp ,Not found @TableId annotation, Cannot use Mybatis-Plus 'xxById' Method.
2025-12-15T00:09:54.153+08:00  INFO 92234 --- [ai-model-call] [main] m.e.s.MybatisPlusApplicationContextAware : Register ApplicationContext instances org.springframework.boot.web.servlet.context.AnnotationConfigServletWebServerApplicationContext@4de41af9
2025-12-15T00:09:54.194+08:00  INFO 92234 --- [ai-model-call] [main] o.s.b.w.embedded.tomcat.TomcatWebServer  : Tomcat started on port 40000 (http) with context path ''
2025-12-15T00:09:54.199+08:00  INFO 92234 --- [ai-model-call] [main] c.scccy.aimodel.AiModelCallApplication   : Started AiModelCallApplication in 0.941 seconds (process running for 1.57)
2025-12-15T00:10:03.650+08:00  INFO 92234 --- [ai-model-call] [http-nio-40000-exec-1] o.a.c.c.C.[Tomcat].[localhost].[/]       : Initializing Spring DispatcherServlet 'dispatcherServlet'
2025-12-15T00:10:03.650+08:00  INFO 92234 --- [ai-model-call] [http-nio-40000-exec-1] o.s.web.servlet.DispatcherServlet        : Initializing Servlet 'dispatcherServlet'
2025-12-15T00:10:03.652+08:00  INFO 92234 --- [ai-model-call] [http-nio-40000-exec-1] o.s.web.servlet.DispatcherServlet        : Completed initialization in 2 ms
2025-12-15T00:10:10.631+08:00  INFO 92234 --- [ai-model-call] [http-nio-40000-exec-3] com.zaxxer.hikari.HikariDataSource       : HikariCP - Starting...
2025-12-15T00:10:10.735+08:00  INFO 92234 --- [ai-model-call] [http-nio-40000-exec-3] com.zaxxer.hikari.pool.HikariPool        : HikariCP - Added connection com.mysql.cj.jdbc.ConnectionImpl@51e644af
2025-12-15T00:10:10.735+08:00  INFO 92234 --- [ai-model-call] [http-nio-40000-exec-3] com.zaxxer.hikari.HikariDataSource       : HikariCP - Start completed.
2025-12-15T00:10:10.781+08:00  INFO 92234 --- [ai-model-call] [http-nio-40000-exec-3] c.s.a.s.impl.ReverseParseServiceImpl     : 物理删除模型 chat1 的旧配置项，共删除 7 条记录
2025-12-15T00:14:57.610+08:00  INFO 92234 --- [ai-model-call] [SpringApplicationShutdownHook] com.zaxxer.hikari.HikariDataSource       : HikariCP - Shutdown initiated...
2025-12-15T00:14:57.625+08:00  INFO 92234 --- [ai-model-call] [SpringApplicationShutdownHook] com.zaxxer.hikari.HikariDataSource       : HikariCP - Shutdown completed.
2025-12-15T00:14:59.911+08:00  INFO 94001 --- [ai-model-call] [main] c.scccy.aimodel.AiModelCallApplication   : Starting AiModelCallApplication using Java 17.0.16 with PID 94001 (/Volumes/project/github/ai/target/classes started by shici in /Volumes/project/github/ai)
2025-12-15T00:14:59.912+08:00  INFO 94001 --- [ai-model-call] [main] c.scccy.aimodel.AiModelCallApplication   : No active profile set, falling back to 1 default profile: "default"
2025-12-15T00:15:00.183+08:00  INFO 94001 --- [ai-model-call] [main] .s.a.c.BeanDefinitionDiagnosticProcessor : ============== 开始诊断 BeanDefinition ==============
2025-12-15T00:15:00.183+08:00  INFO 94001 --- [ai-model-call] [main] .s.a.c.BeanDefinitionDiagnosticProcessor : ✓ 未发现 factoryBeanObjectType 类型异常的 Bean
2025-12-15T00:15:00.183+08:00  INFO 94001 --- [ai-model-call] [main] .s.a.c.BeanDefinitionDiagnosticProcessor : ============== 诊断完成 ==============
2025-12-15T00:15:00.286+08:00  INFO 94001 --- [ai-model-call] [main] o.s.b.w.embedded.tomcat.TomcatWebServer  : Tomcat initialized with port 40000 (http)
2025-12-15T00:15:00.291+08:00  INFO 94001 --- [ai-model-call] [main] o.apache.catalina.core.StandardService   : Starting service [Tomcat]
2025-12-15T00:15:00.291+08:00  INFO 94001 --- [ai-model-call] [main] o.apache.catalina.core.StandardEngine    : Starting Servlet engine: [Apache Tomcat/10.1.20]
2025-12-15T00:15:00.308+08:00  INFO 94001 --- [ai-model-call] [main] o.a.c.c.C.[Tomcat].[localhost].[/]       : Initializing Spring embedded WebApplicationContext
2025-12-15T00:15:00.308+08:00  INFO 94001 --- [ai-model-call] [main] w.s.c.ServletWebServerApplicationContext : Root WebApplicationContext: initialization completed in 381 ms
2025-12-15T00:15:00.488+08:00  WARN 94001 --- [ai-model-call] [main] c.b.m.core.injector.DefaultSqlInjector   : class com.scccy.aimodel.domain.mp.DimDictionaryMappingMp ,Not found @TableId annotation, Cannot use Mybatis-Plus 'xxById' Method.
2025-12-15T00:15:00.650+08:00  INFO 94001 --- [ai-model-call] [main] m.e.s.MybatisPlusApplicationContextAware : Register ApplicationContext instances org.springframework.boot.web.servlet.context.AnnotationConfigServletWebServerApplicationContext@4de41af9
2025-12-15T00:15:00.686+08:00  INFO 94001 --- [ai-model-call] [main] o.s.b.w.embedded.tomcat.TomcatWebServer  : Tomcat started on port 40000 (http) with context path ''
2025-12-15T00:15:00.691+08:00  INFO 94001 --- [ai-model-call] [main] c.scccy.aimodel.AiModelCallApplication   : Started AiModelCallApplication in 0.949 seconds (process running for 1.525)
2025-12-15T00:15:24.614+08:00  INFO 94001 --- [ai-model-call] [http-nio-40000-exec-1] o.a.c.c.C.[Tomcat].[localhost].[/]       : Initializing Spring DispatcherServlet 'dispatcherServlet'
2025-12-15T00:15:24.614+08:00  INFO 94001 --- [ai-model-call] [http-nio-40000-exec-1] o.s.web.servlet.DispatcherServlet        : Initializing Servlet 'dispatcherServlet'
2025-12-15T00:15:24.615+08:00  INFO 94001 --- [ai-model-call] [http-nio-40000-exec-1] o.s.web.servlet.DispatcherServlet        : Completed initialization in 1 ms
2025-12-15T00:15:24.672+08:00  INFO 94001 --- [ai-model-call] [http-nio-40000-exec-1] com.zaxxer.hikari.HikariDataSource       : HikariCP - Starting...
2025-12-15T00:15:24.783+08:00  INFO 94001 --- [ai-model-call] [http-nio-40000-exec-1] com.zaxxer.hikari.pool.HikariPool        : HikariCP - Added connection com.mysql.cj.jdbc.ConnectionImpl@36dbc491
2025-12-15T00:15:24.784+08:00  INFO 94001 --- [ai-model-call] [http-nio-40000-exec-1] com.zaxxer.hikari.HikariDataSource       : HikariCP - Start completed.
2025-12-15T00:16:53.996+08:00  INFO 94001 --- [ai-model-call] [http-nio-40000-exec-4] c.s.a.s.impl.DictionaryServiceImpl       : 获取字典查询选项成功，模型名称: 2 个，Key: 21 个，Post Param: 12 个
2025-12-15T00:16:54.821+08:00  INFO 94001 --- [ai-model-call] [http-nio-40000-exec-5] c.s.a.s.impl.DictionaryServiceImpl       : 查询字典映射成功，共 22 条记录，当前第 1 页，每页 10 条
2025-12-15T00:16:59.687+08:00  INFO 94001 --- [ai-model-call] [http-nio-40000-exec-6] c.s.a.s.impl.DictionaryServiceImpl       : 查询字典映射成功，共 8 条记录，当前第 1 页，每页 10 条
2025-12-15T00:17:49.344+08:00  INFO 94001 --- [ai-model-call] [http-nio-40000-exec-7] c.s.a.s.impl.DictionaryServiceImpl       : 获取 Item 详情成功，itemId: 2000236885575434242
2025-12-15T00:18:45.070+08:00  INFO 94001 --- [ai-model-call] [http-nio-40000-exec-8] c.s.a.s.impl.DictionaryServiceImpl       : 获取字典查询选项成功，模型名称: 2 个，Key: 21 个，Post Param: 12 个
2025-12-15T00:18:47.390+08:00  INFO 94001 --- [ai-model-call] [http-nio-40000-exec-9] c.s.a.s.impl.DictionaryServiceImpl       : 查询字典映射成功，共 8 条记录，当前第 1 页，每页 10 条
2025-12-15T00:18:52.434+08:00  INFO 94001 --- [ai-model-call] [http-nio-40000-exec-10] c.s.a.s.impl.DictionaryServiceImpl       : 获取 Item 详情成功，itemId: 2000236885575434242
2025-12-15T00:19:01.345+08:00  INFO 94001 --- [ai-model-call] [http-nio-40000-exec-1] c.s.a.s.impl.DictionaryServiceImpl       : 获取 Item 详情成功，itemId: 2000236885592211457
2025-12-15T00:19:03.713+08:00  INFO 94001 --- [ai-model-call] [http-nio-40000-exec-2] c.s.a.s.impl.DictionaryServiceImpl       : 获取 Item 详情成功，itemId: 2000236885600600065
2025-12-15T00:22:53.633+08:00  INFO 96690 --- [ai-model-call] [main] c.scccy.aimodel.AiModelCallApplication   : Starting AiModelCallApplication using Java 17.0.16 with PID 96690 (/Volumes/project/github/ai/target/classes started by shici in /Volumes/project/github/ai)
2025-12-15T00:22:53.634+08:00  INFO 96690 --- [ai-model-call] [main] c.scccy.aimodel.AiModelCallApplication   : No active profile set, falling back to 1 default profile: "default"
2025-12-15T00:22:53.901+08:00  INFO 96690 --- [ai-model-call] [main] .s.a.c.BeanDefinitionDiagnosticProcessor : ============== 开始诊断 BeanDefinition ==============
2025-12-15T00:22:53.901+08:00  INFO 96690 --- [ai-model-call] [main] .s.a.c.BeanDefinitionDiagnosticProcessor : ✓ 未发现 factoryBeanObjectType 类型异常的 Bean
2025-12-15T00:22:53.901+08:00  INFO 96690 --- [ai-model-call] [main] .s.a.c.BeanDefinitionDiagnosticProcessor : ============== 诊断完成 ==============
2025-12-15T00:22:54.003+08:00  INFO 96690 --- [ai-model-call] [main] o.s.b.w.embedded.tomcat.TomcatWebServer  : Tomcat initialized with port 40000 (http)
2025-12-15T00:22:54.007+08:00  INFO 96690 --- [ai-model-call] [main] o.apache.catalina.core.StandardService   : Starting service [Tomcat]
2025-12-15T00:22:54.008+08:00  INFO 96690 --- [ai-model-call] [main] o.apache.catalina.core.StandardEngine    : Starting Servlet engine: [Apache Tomcat/10.1.20]
2025-12-15T00:22:54.024+08:00  INFO 96690 --- [ai-model-call] [main] o.a.c.c.C.[Tomcat].[localhost].[/]       : Initializing Spring embedded WebApplicationContext
2025-12-15T00:22:54.025+08:00  INFO 96690 --- [ai-model-call] [main] w.s.c.ServletWebServerApplicationContext : Root WebApplicationContext: initialization completed in 374 ms
2025-12-15T00:22:54.217+08:00  WARN 96690 --- [ai-model-call] [main] c.b.m.core.injector.DefaultSqlInjector   : class com.scccy.aimodel.domain.mp.DimDictionaryMappingMp ,Not found @TableId annotation, Cannot use Mybatis-Plus 'xxById' Method.
2025-12-15T00:22:54.395+08:00  INFO 96690 --- [ai-model-call] [main] m.e.s.MybatisPlusApplicationContextAware : Register ApplicationContext instances org.springframework.boot.web.servlet.context.AnnotationConfigServletWebServerApplicationContext@4de41af9
2025-12-15T00:22:54.433+08:00  INFO 96690 --- [ai-model-call] [main] o.s.b.w.embedded.tomcat.TomcatWebServer  : Tomcat started on port 40000 (http) with context path ''
2025-12-15T00:22:54.437+08:00  INFO 96690 --- [ai-model-call] [main] c.scccy.aimodel.AiModelCallApplication   : Started AiModelCallApplication in 0.982 seconds (process running for 1.55)
2025-12-15T00:22:57.978+08:00  INFO 96690 --- [ai-model-call] [http-nio-40000-exec-1] o.a.c.c.C.[Tomcat].[localhost].[/]       : Initializing Spring DispatcherServlet 'dispatcherServlet'
2025-12-15T00:22:57.979+08:00  INFO 96690 --- [ai-model-call] [http-nio-40000-exec-1] o.s.web.servlet.DispatcherServlet        : Initializing Servlet 'dispatcherServlet'
2025-12-15T00:22:57.980+08:00  INFO 96690 --- [ai-model-call] [http-nio-40000-exec-1] o.s.web.servlet.DispatcherServlet        : Completed initialization in 1 ms
2025-12-15T00:22:58.096+08:00  INFO 96690 --- [ai-model-call] [http-nio-40000-exec-1] com.zaxxer.hikari.HikariDataSource       : HikariCP - Starting...
2025-12-15T00:22:58.230+08:00  INFO 96690 --- [ai-model-call] [http-nio-40000-exec-1] com.zaxxer.hikari.pool.HikariPool        : HikariCP - Added connection com.mysql.cj.jdbc.ConnectionImpl@52847c67
2025-12-15T00:22:58.231+08:00  INFO 96690 --- [ai-model-call] [http-nio-40000-exec-1] com.zaxxer.hikari.HikariDataSource       : HikariCP - Start completed.
2025-12-15T00:29:49.242+08:00  INFO 96690 --- [ai-model-call] [SpringApplicationShutdownHook] com.zaxxer.hikari.HikariDataSource       : HikariCP - Shutdown initiated...
2025-12-15T00:29:49.247+08:00  INFO 96690 --- [ai-model-call] [SpringApplicationShutdownHook] com.zaxxer.hikari.HikariDataSource       : HikariCP - Shutdown completed.
2025-12-15T00:33:19.090+08:00  INFO 1049 --- [ai-model-call] [main] c.scccy.aimodel.AiModelCallApplication   : Starting AiModelCallApplication using Java 17.0.16 with PID 1049 (/Volumes/project/github/ai/target/classes started by shici in /Volumes/project/github/ai)
2025-12-15T00:33:19.091+08:00  INFO 1049 --- [ai-model-call] [main] c.scccy.aimodel.AiModelCallApplication   : No active profile set, falling back to 1 default profile: "default"
2025-12-15T00:33:19.545+08:00  INFO 1049 --- [ai-model-call] [main] .s.a.c.BeanDefinitionDiagnosticProcessor : ============== 开始诊断 BeanDefinition ==============
2025-12-15T00:33:19.546+08:00  INFO 1049 --- [ai-model-call] [main] .s.a.c.BeanDefinitionDiagnosticProcessor : ✓ 未发现 factoryBeanObjectType 类型异常的 Bean
2025-12-15T00:33:19.546+08:00  INFO 1049 --- [ai-model-call] [main] .s.a.c.BeanDefinitionDiagnosticProcessor : ============== 诊断完成 ==============
2025-12-15T00:33:19.750+08:00  INFO 1049 --- [ai-model-call] [main] o.s.b.w.embedded.tomcat.TomcatWebServer  : Tomcat initialized with port 40000 (http)
2025-12-15T00:33:19.755+08:00  INFO 1049 --- [ai-model-call] [main] o.apache.catalina.core.StandardService   : Starting service [Tomcat]
2025-12-15T00:33:19.756+08:00  INFO 1049 --- [ai-model-call] [main] o.apache.catalina.core.StandardEngine    : Starting Servlet engine: [Apache Tomcat/10.1.20]
2025-12-15T00:33:19.780+08:00  INFO 1049 --- [ai-model-call] [main] o.a.c.c.C.[Tomcat].[localhost].[/]       : Initializing Spring embedded WebApplicationContext
2025-12-15T00:33:19.780+08:00  INFO 1049 --- [ai-model-call] [main] w.s.c.ServletWebServerApplicationContext : Root WebApplicationContext: initialization completed in 656 ms
2025-12-15T00:33:19.975+08:00  WARN 1049 --- [ai-model-call] [main] c.b.m.core.injector.DefaultSqlInjector   : class com.scccy.aimodel.domain.mp.DimDictionaryMappingMp ,Not found @TableId annotation, Cannot use Mybatis-Plus 'xxById' Method.
2025-12-15T00:33:20.164+08:00  INFO 1049 --- [ai-model-call] [main] m.e.s.MybatisPlusApplicationContextAware : Register ApplicationContext instances org.springframework.boot.web.servlet.context.AnnotationConfigServletWebServerApplicationContext@4de41af9
2025-12-15T00:33:20.197+08:00  INFO 1049 --- [ai-model-call] [main] o.s.b.w.embedded.tomcat.TomcatWebServer  : Tomcat started on port 40000 (http) with context path ''
2025-12-15T00:33:20.201+08:00  INFO 1049 --- [ai-model-call] [main] c.scccy.aimodel.AiModelCallApplication   : Started AiModelCallApplication in 1.398 seconds (process running for 1.899)
2025-12-15T00:33:24.840+08:00  INFO 1049 --- [ai-model-call] [http-nio-40000-exec-1] o.a.c.c.C.[Tomcat].[localhost].[/]       : Initializing Spring DispatcherServlet 'dispatcherServlet'
2025-12-15T00:33:24.841+08:00  INFO 1049 --- [ai-model-call] [http-nio-40000-exec-1] o.s.web.servlet.DispatcherServlet        : Initializing Servlet 'dispatcherServlet'
2025-12-15T00:33:24.842+08:00  INFO 1049 --- [ai-model-call] [http-nio-40000-exec-1] o.s.web.servlet.DispatcherServlet        : Completed initialization in 1 ms
2025-12-15T00:33:24.912+08:00  INFO 1049 --- [ai-model-call] [http-nio-40000-exec-1] com.zaxxer.hikari.HikariDataSource       : HikariCP - Starting...
2025-12-15T00:33:25.033+08:00  INFO 1049 --- [ai-model-call] [http-nio-40000-exec-1] com.zaxxer.hikari.pool.HikariPool        : HikariCP - Added connection com.mysql.cj.jdbc.ConnectionImpl@25b796ea
2025-12-15T00:33:25.034+08:00  INFO 1049 --- [ai-model-call] [http-nio-40000-exec-1] com.zaxxer.hikari.HikariDataSource       : HikariCP - Start completed.
2025-12-15T00:37:42.442+08:00 ERROR 1049 --- [ai-model-call] [http-nio-40000-exec-6] c.s.a.c.ForwardRequestController         : 生成正向请求参数异常

java.lang.IndexOutOfBoundsException: Index -1 out of bounds for length 2
	at java.base/jdk.internal.util.Preconditions.outOfBounds(Preconditions.java:64) ~[na:na]
	at java.base/jdk.internal.util.Preconditions.outOfBoundsCheckIndex(Preconditions.java:70) ~[na:na]
	at java.base/jdk.internal.util.Preconditions.checkIndex(Preconditions.java:266) ~[na:na]
	at java.base/java.util.Objects.checkIndex(Objects.java:359) ~[na:na]
	at java.base/java.util.ArrayList.get(ArrayList.java:427) ~[na:na]
	at com.scccy.aimodel.util.dsl.ForwardParser.getValueByPath(ForwardParser.java:239) ~[classes/:na]
	at com.scccy.aimodel.util.dsl.ForwardParser.buildResult(ForwardParser.java:123) ~[classes/:na]
	at com.scccy.aimodel.util.dsl.ForwardParser.parse(ForwardParser.java:41) ~[classes/:na]
	at com.scccy.aimodel.util.dsl.ForwardDsl$Builder.generate(ForwardDsl.java:39) ~[classes/:na]
	at com.scccy.aimodel.service.impl.ForwardRequestServiceImpl.generateRequest(ForwardRequestServiceImpl.java:55) ~[classes/:na]
	at com.scccy.aimodel.controller.ForwardRequestController.generateRequest(ForwardRequestController.java:37) ~[classes/:na]
	at java.base/jdk.internal.reflect.NativeMethodAccessorImpl.invoke0(Native Method) ~[na:na]
	at java.base/jdk.internal.reflect.NativeMethodAccessorImpl.invoke(NativeMethodAccessorImpl.java:77) ~[na:na]
	at java.base/jdk.internal.reflect.DelegatingMethodAccessorImpl.invoke(DelegatingMethodAccessorImpl.java:43) ~[na:na]
	at java.base/java.lang.reflect.Method.invoke(Method.java:568) ~[na:na]
	at org.springframework.web.method.support.InvocableHandlerMethod.doInvoke(InvocableHandlerMethod.java:255) ~[spring-web-6.1.6.jar:6.1.6]
	at org.springframework.web.method.support.InvocableHandlerMethod.invokeForRequest(InvocableHandlerMethod.java:188) ~[spring-web-6.1.6.jar:6.1.6]
	at org.springframework.web.servlet.mvc.method.annotation.ServletInvocableHandlerMethod.invokeAndHandle(ServletInvocableHandlerMethod.java:118) ~[spring-webmvc-6.1.6.jar:6.1.6]
	at org.springframework.web.servlet.mvc.method.annotation.RequestMappingHandlerAdapter.invokeHandlerMethod(RequestMappingHandlerAdapter.java:926) ~[spring-webmvc-6.1.6.jar:6.1.6]
	at org.springframework.web.servlet.mvc.method.annotation.RequestMappingHandlerAdapter.handleInternal(RequestMappingHandlerAdapter.java:831) ~[spring-webmvc-6.1.6.jar:6.1.6]
	at org.springframework.web.servlet.mvc.method.AbstractHandlerMethodAdapter.handle(AbstractHandlerMethodAdapter.java:87) ~[spring-webmvc-6.1.6.jar:6.1.6]
	at org.springframework.web.servlet.DispatcherServlet.doDispatch(DispatcherServlet.java:1089) ~[spring-webmvc-6.1.6.jar:6.1.6]
	at org.springframework.web.servlet.DispatcherServlet.doService(DispatcherServlet.java:979) ~[spring-webmvc-6.1.6.jar:6.1.6]
	at org.springframework.web.servlet.FrameworkServlet.processRequest(FrameworkServlet.java:1014) ~[spring-webmvc-6.1.6.jar:6.1.6]
	at org.springframework.web.servlet.FrameworkServlet.doPost(FrameworkServlet.java:914) ~[spring-webmvc-6.1.6.jar:6.1.6]
	at jakarta.servlet.http.HttpServlet.service(HttpServlet.java:590) ~[tomcat-embed-core-10.1.20.jar:6.0]
	at org.springframework.web.servlet.FrameworkServlet.service(FrameworkServlet.java:885) ~[spring-webmvc-6.1.6.jar:6.1.6]
	at jakarta.servlet.http.HttpServlet.service(HttpServlet.java:658) ~[tomcat-embed-core-10.1.20.jar:6.0]
	at org.apache.catalina.core.ApplicationFilterChain.internalDoFilter(ApplicationFilterChain.java:206) ~[tomcat-embed-core-10.1.20.jar:10.1.20]
	at org.apache.catalina.core.ApplicationFilterChain.doFilter(ApplicationFilterChain.java:150) ~[tomcat-embed-core-10.1.20.jar:10.1.20]
	at org.apache.tomcat.websocket.server.WsFilter.doFilter(WsFilter.java:51) ~[tomcat-embed-websocket-10.1.20.jar:10.1.20]
	at org.apache.catalina.core.ApplicationFilterChain.internalDoFilter(ApplicationFilterChain.java:175) ~[tomcat-embed-core-10.1.20.jar:10.1.20]
	at org.apache.catalina.core.ApplicationFilterChain.doFilter(ApplicationFilterChain.java:150) ~[tomcat-embed-core-10.1.20.jar:10.1.20]
	at org.springframework.web.filter.RequestContextFilter.doFilterInternal(RequestContextFilter.java:100) ~[spring-web-6.1.6.jar:6.1.6]
	at org.springframework.web.filter.OncePerRequestFilter.doFilter(OncePerRequestFilter.java:116) ~[spring-web-6.1.6.jar:6.1.6]
	at org.apache.catalina.core.ApplicationFilterChain.internalDoFilter(ApplicationFilterChain.java:175) ~[tomcat-embed-core-10.1.20.jar:10.1.20]
	at org.apache.catalina.core.ApplicationFilterChain.doFilter(ApplicationFilterChain.java:150) ~[tomcat-embed-core-10.1.20.jar:10.1.20]
	at org.springframework.web.filter.FormContentFilter.doFilterInternal(FormContentFilter.java:93) ~[spring-web-6.1.6.jar:6.1.6]
	at org.springframework.web.filter.OncePerRequestFilter.doFilter(OncePerRequestFilter.java:116) ~[spring-web-6.1.6.jar:6.1.6]
	at org.apache.catalina.core.ApplicationFilterChain.internalDoFilter(ApplicationFilterChain.java:175) ~[tomcat-embed-core-10.1.20.jar:10.1.20]
	at org.apache.catalina.core.ApplicationFilterChain.doFilter(ApplicationFilterChain.java:150) ~[tomcat-embed-core-10.1.20.jar:10.1.20]
	at org.springframework.web.filter.CharacterEncodingFilter.doFilterInternal(CharacterEncodingFilter.java:201) ~[spring-web-6.1.6.jar:6.1.6]
	at org.springframework.web.filter.OncePerRequestFilter.doFilter(OncePerRequestFilter.java:116) ~[spring-web-6.1.6.jar:6.1.6]
	at org.apache.catalina.core.ApplicationFilterChain.internalDoFilter(ApplicationFilterChain.java:175) ~[tomcat-embed-core-10.1.20.jar:10.1.20]
	at org.apache.catalina.core.ApplicationFilterChain.doFilter(ApplicationFilterChain.java:150) ~[tomcat-embed-core-10.1.20.jar:10.1.20]
	at org.apache.catalina.core.StandardWrapperValve.invoke(StandardWrapperValve.java:167) ~[tomcat-embed-core-10.1.20.jar:10.1.20]
	at org.apache.catalina.core.StandardContextValve.invoke(StandardContextValve.java:90) ~[tomcat-embed-core-10.1.20.jar:10.1.20]
	at org.apache.catalina.authenticator.AuthenticatorBase.invoke(AuthenticatorBase.java:482) ~[tomcat-embed-core-10.1.20.jar:10.1.20]
	at org.apache.catalina.core.StandardHostValve.invoke(StandardHostValve.java:115) ~[tomcat-embed-core-10.1.20.jar:10.1.20]
	at org.apache.catalina.valves.ErrorReportValve.invoke(ErrorReportValve.java:93) ~[tomcat-embed-core-10.1.20.jar:10.1.20]
	at org.apache.catalina.core.StandardEngineValve.invoke(StandardEngineValve.java:74) ~[tomcat-embed-core-10.1.20.jar:10.1.20]
	at org.apache.catalina.connector.CoyoteAdapter.service(CoyoteAdapter.java:344) ~[tomcat-embed-core-10.1.20.jar:10.1.20]
	at org.apache.coyote.http11.Http11Processor.service(Http11Processor.java:391) ~[tomcat-embed-core-10.1.20.jar:10.1.20]
	at org.apache.coyote.AbstractProcessorLight.process(AbstractProcessorLight.java:63) ~[tomcat-embed-core-10.1.20.jar:10.1.20]
	at org.apache.coyote.AbstractProtocol$ConnectionHandler.process(AbstractProtocol.java:896) ~[tomcat-embed-core-10.1.20.jar:10.1.20]
	at org.apache.tomcat.util.net.NioEndpoint$SocketProcessor.doRun(NioEndpoint.java:1736) ~[tomcat-embed-core-10.1.20.jar:10.1.20]
	at org.apache.tomcat.util.net.SocketProcessorBase.run(SocketProcessorBase.java:52) ~[tomcat-embed-core-10.1.20.jar:10.1.20]
	at org.apache.tomcat.util.threads.ThreadPoolExecutor.runWorker(ThreadPoolExecutor.java:1191) ~[tomcat-embed-core-10.1.20.jar:10.1.20]
	at org.apache.tomcat.util.threads.ThreadPoolExecutor$Worker.run(ThreadPoolExecutor.java:659) ~[tomcat-embed-core-10.1.20.jar:10.1.20]
	at org.apache.tomcat.util.threads.TaskThread$WrappingRunnable.run(TaskThread.java:63) ~[tomcat-embed-core-10.1.20.jar:10.1.20]
	at java.base/java.lang.Thread.run(Thread.java:842) ~[na:na]

2025-12-15T00:37:49.417+08:00 ERROR 1049 --- [ai-model-call] [http-nio-40000-exec-7] c.s.a.c.ForwardRequestController         : 生成正向请求参数异常

java.lang.IndexOutOfBoundsException: Index -1 out of bounds for length 2
	at java.base/jdk.internal.util.Preconditions.outOfBounds(Preconditions.java:64) ~[na:na]
	at java.base/jdk.internal.util.Preconditions.outOfBoundsCheckIndex(Preconditions.java:70) ~[na:na]
	at java.base/jdk.internal.util.Preconditions.checkIndex(Preconditions.java:266) ~[na:na]
	at java.base/java.util.Objects.checkIndex(Objects.java:359) ~[na:na]
	at java.base/java.util.ArrayList.get(ArrayList.java:427) ~[na:na]
	at com.scccy.aimodel.util.dsl.ForwardParser.getValueByPath(ForwardParser.java:239) ~[classes/:na]
	at com.scccy.aimodel.util.dsl.ForwardParser.buildResult(ForwardParser.java:123) ~[classes/:na]
	at com.scccy.aimodel.util.dsl.ForwardParser.parse(ForwardParser.java:41) ~[classes/:na]
	at com.scccy.aimodel.util.dsl.ForwardDsl$Builder.generate(ForwardDsl.java:39) ~[classes/:na]
	at com.scccy.aimodel.service.impl.ForwardRequestServiceImpl.generateRequest(ForwardRequestServiceImpl.java:55) ~[classes/:na]
	at com.scccy.aimodel.controller.ForwardRequestController.generateRequest(ForwardRequestController.java:37) ~[classes/:na]
	at java.base/jdk.internal.reflect.NativeMethodAccessorImpl.invoke0(Native Method) ~[na:na]
	at java.base/jdk.internal.reflect.NativeMethodAccessorImpl.invoke(NativeMethodAccessorImpl.java:77) ~[na:na]
	at java.base/jdk.internal.reflect.DelegatingMethodAccessorImpl.invoke(DelegatingMethodAccessorImpl.java:43) ~[na:na]
	at java.base/java.lang.reflect.Method.invoke(Method.java:568) ~[na:na]
	at org.springframework.web.method.support.InvocableHandlerMethod.doInvoke(InvocableHandlerMethod.java:255) ~[spring-web-6.1.6.jar:6.1.6]
	at org.springframework.web.method.support.InvocableHandlerMethod.invokeForRequest(InvocableHandlerMethod.java:188) ~[spring-web-6.1.6.jar:6.1.6]
	at org.springframework.web.servlet.mvc.method.annotation.ServletInvocableHandlerMethod.invokeAndHandle(ServletInvocableHandlerMethod.java:118) ~[spring-webmvc-6.1.6.jar:6.1.6]
	at org.springframework.web.servlet.mvc.method.annotation.RequestMappingHandlerAdapter.invokeHandlerMethod(RequestMappingHandlerAdapter.java:926) ~[spring-webmvc-6.1.6.jar:6.1.6]
	at org.springframework.web.servlet.mvc.method.annotation.RequestMappingHandlerAdapter.handleInternal(RequestMappingHandlerAdapter.java:831) ~[spring-webmvc-6.1.6.jar:6.1.6]
	at org.springframework.web.servlet.mvc.method.AbstractHandlerMethodAdapter.handle(AbstractHandlerMethodAdapter.java:87) ~[spring-webmvc-6.1.6.jar:6.1.6]
	at org.springframework.web.servlet.DispatcherServlet.doDispatch(DispatcherServlet.java:1089) ~[spring-webmvc-6.1.6.jar:6.1.6]
	at org.springframework.web.servlet.DispatcherServlet.doService(DispatcherServlet.java:979) ~[spring-webmvc-6.1.6.jar:6.1.6]
	at org.springframework.web.servlet.FrameworkServlet.processRequest(FrameworkServlet.java:1014) ~[spring-webmvc-6.1.6.jar:6.1.6]
	at org.springframework.web.servlet.FrameworkServlet.doPost(FrameworkServlet.java:914) ~[spring-webmvc-6.1.6.jar:6.1.6]
	at jakarta.servlet.http.HttpServlet.service(HttpServlet.java:590) ~[tomcat-embed-core-10.1.20.jar:6.0]
	at org.springframework.web.servlet.FrameworkServlet.service(FrameworkServlet.java:885) ~[spring-webmvc-6.1.6.jar:6.1.6]
	at jakarta.servlet.http.HttpServlet.service(HttpServlet.java:658) ~[tomcat-embed-core-10.1.20.jar:6.0]
	at org.apache.catalina.core.ApplicationFilterChain.internalDoFilter(ApplicationFilterChain.java:206) ~[tomcat-embed-core-10.1.20.jar:10.1.20]
	at org.apache.catalina.core.ApplicationFilterChain.doFilter(ApplicationFilterChain.java:150) ~[tomcat-embed-core-10.1.20.jar:10.1.20]
	at org.apache.tomcat.websocket.server.WsFilter.doFilter(WsFilter.java:51) ~[tomcat-embed-websocket-10.1.20.jar:10.1.20]
	at org.apache.catalina.core.ApplicationFilterChain.internalDoFilter(ApplicationFilterChain.java:175) ~[tomcat-embed-core-10.1.20.jar:10.1.20]
	at org.apache.catalina.core.ApplicationFilterChain.doFilter(ApplicationFilterChain.java:150) ~[tomcat-embed-core-10.1.20.jar:10.1.20]
	at org.springframework.web.filter.RequestContextFilter.doFilterInternal(RequestContextFilter.java:100) ~[spring-web-6.1.6.jar:6.1.6]
	at org.springframework.web.filter.OncePerRequestFilter.doFilter(OncePerRequestFilter.java:116) ~[spring-web-6.1.6.jar:6.1.6]
	at org.apache.catalina.core.ApplicationFilterChain.internalDoFilter(ApplicationFilterChain.java:175) ~[tomcat-embed-core-10.1.20.jar:10.1.20]
	at org.apache.catalina.core.ApplicationFilterChain.doFilter(ApplicationFilterChain.java:150) ~[tomcat-embed-core-10.1.20.jar:10.1.20]
	at org.springframework.web.filter.FormContentFilter.doFilterInternal(FormContentFilter.java:93) ~[spring-web-6.1.6.jar:6.1.6]
	at org.springframework.web.filter.OncePerRequestFilter.doFilter(OncePerRequestFilter.java:116) ~[spring-web-6.1.6.jar:6.1.6]
	at org.apache.catalina.core.ApplicationFilterChain.internalDoFilter(ApplicationFilterChain.java:175) ~[tomcat-embed-core-10.1.20.jar:10.1.20]
	at org.apache.catalina.core.ApplicationFilterChain.doFilter(ApplicationFilterChain.java:150) ~[tomcat-embed-core-10.1.20.jar:10.1.20]
	at org.springframework.web.filter.CharacterEncodingFilter.doFilterInternal(CharacterEncodingFilter.java:201) ~[spring-web-6.1.6.jar:6.1.6]
	at org.springframework.web.filter.OncePerRequestFilter.doFilter(OncePerRequestFilter.java:116) ~[spring-web-6.1.6.jar:6.1.6]
	at org.apache.catalina.core.ApplicationFilterChain.internalDoFilter(ApplicationFilterChain.java:175) ~[tomcat-embed-core-10.1.20.jar:10.1.20]
	at org.apache.catalina.core.ApplicationFilterChain.doFilter(ApplicationFilterChain.java:150) ~[tomcat-embed-core-10.1.20.jar:10.1.20]
	at org.apache.catalina.core.StandardWrapperValve.invoke(StandardWrapperValve.java:167) ~[tomcat-embed-core-10.1.20.jar:10.1.20]
	at org.apache.catalina.core.StandardContextValve.invoke(StandardContextValve.java:90) ~[tomcat-embed-core-10.1.20.jar:10.1.20]
	at org.apache.catalina.authenticator.AuthenticatorBase.invoke(AuthenticatorBase.java:482) ~[tomcat-embed-core-10.1.20.jar:10.1.20]
	at org.apache.catalina.core.StandardHostValve.invoke(StandardHostValve.java:115) ~[tomcat-embed-core-10.1.20.jar:10.1.20]
	at org.apache.catalina.valves.ErrorReportValve.invoke(ErrorReportValve.java:93) ~[tomcat-embed-core-10.1.20.jar:10.1.20]
	at org.apache.catalina.core.StandardEngineValve.invoke(StandardEngineValve.java:74) ~[tomcat-embed-core-10.1.20.jar:10.1.20]
	at org.apache.catalina.connector.CoyoteAdapter.service(CoyoteAdapter.java:344) ~[tomcat-embed-core-10.1.20.jar:10.1.20]
	at org.apache.coyote.http11.Http11Processor.service(Http11Processor.java:391) ~[tomcat-embed-core-10.1.20.jar:10.1.20]
	at org.apache.coyote.AbstractProcessorLight.process(AbstractProcessorLight.java:63) ~[tomcat-embed-core-10.1.20.jar:10.1.20]
	at org.apache.coyote.AbstractProtocol$ConnectionHandler.process(AbstractProtocol.java:896) ~[tomcat-embed-core-10.1.20.jar:10.1.20]
	at org.apache.tomcat.util.net.NioEndpoint$SocketProcessor.doRun(NioEndpoint.java:1736) ~[tomcat-embed-core-10.1.20.jar:10.1.20]
	at org.apache.tomcat.util.net.SocketProcessorBase.run(SocketProcessorBase.java:52) ~[tomcat-embed-core-10.1.20.jar:10.1.20]
	at org.apache.tomcat.util.threads.ThreadPoolExecutor.runWorker(ThreadPoolExecutor.java:1191) ~[tomcat-embed-core-10.1.20.jar:10.1.20]
	at org.apache.tomcat.util.threads.ThreadPoolExecutor$Worker.run(ThreadPoolExecutor.java:659) ~[tomcat-embed-core-10.1.20.jar:10.1.20]
	at org.apache.tomcat.util.threads.TaskThread$WrappingRunnable.run(TaskThread.java:63) ~[tomcat-embed-core-10.1.20.jar:10.1.20]
	at java.base/java.lang.Thread.run(Thread.java:842) ~[na:na]

2025-12-15T00:40:13.202+08:00 ERROR 1049 --- [ai-model-call] [http-nio-40000-exec-8] c.s.a.c.ForwardRequestController         : 生成正向请求参数异常

java.lang.IndexOutOfBoundsException: Index -1 out of bounds for length 3
	at java.base/jdk.internal.util.Preconditions.outOfBounds(Preconditions.java:64) ~[na:na]
	at java.base/jdk.internal.util.Preconditions.outOfBoundsCheckIndex(Preconditions.java:70) ~[na:na]
	at java.base/jdk.internal.util.Preconditions.checkIndex(Preconditions.java:266) ~[na:na]
	at java.base/java.util.Objects.checkIndex(Objects.java:359) ~[na:na]
	at java.base/java.util.ArrayList.get(ArrayList.java:427) ~[na:na]
	at com.scccy.aimodel.util.dsl.ForwardParser.getValueByPath(ForwardParser.java:239) ~[classes/:na]
	at com.scccy.aimodel.util.dsl.ForwardParser.buildResult(ForwardParser.java:123) ~[classes/:na]
	at com.scccy.aimodel.util.dsl.ForwardParser.parse(ForwardParser.java:41) ~[classes/:na]
	at com.scccy.aimodel.util.dsl.ForwardDsl$Builder.generate(ForwardDsl.java:39) ~[classes/:na]
	at com.scccy.aimodel.service.impl.ForwardRequestServiceImpl.generateRequest(ForwardRequestServiceImpl.java:55) ~[classes/:na]
	at com.scccy.aimodel.controller.ForwardRequestController.generateRequest(ForwardRequestController.java:37) ~[classes/:na]
	at java.base/jdk.internal.reflect.NativeMethodAccessorImpl.invoke0(Native Method) ~[na:na]
	at java.base/jdk.internal.reflect.NativeMethodAccessorImpl.invoke(NativeMethodAccessorImpl.java:77) ~[na:na]
	at java.base/jdk.internal.reflect.DelegatingMethodAccessorImpl.invoke(DelegatingMethodAccessorImpl.java:43) ~[na:na]
	at java.base/java.lang.reflect.Method.invoke(Method.java:568) ~[na:na]
	at org.springframework.web.method.support.InvocableHandlerMethod.doInvoke(InvocableHandlerMethod.java:255) ~[spring-web-6.1.6.jar:6.1.6]
	at org.springframework.web.method.support.InvocableHandlerMethod.invokeForRequest(InvocableHandlerMethod.java:188) ~[spring-web-6.1.6.jar:6.1.6]
	at org.springframework.web.servlet.mvc.method.annotation.ServletInvocableHandlerMethod.invokeAndHandle(ServletInvocableHandlerMethod.java:118) ~[spring-webmvc-6.1.6.jar:6.1.6]
	at org.springframework.web.servlet.mvc.method.annotation.RequestMappingHandlerAdapter.invokeHandlerMethod(RequestMappingHandlerAdapter.java:926) ~[spring-webmvc-6.1.6.jar:6.1.6]
	at org.springframework.web.servlet.mvc.method.annotation.RequestMappingHandlerAdapter.handleInternal(RequestMappingHandlerAdapter.java:831) ~[spring-webmvc-6.1.6.jar:6.1.6]
	at org.springframework.web.servlet.mvc.method.AbstractHandlerMethodAdapter.handle(AbstractHandlerMethodAdapter.java:87) ~[spring-webmvc-6.1.6.jar:6.1.6]
	at org.springframework.web.servlet.DispatcherServlet.doDispatch(DispatcherServlet.java:1089) ~[spring-webmvc-6.1.6.jar:6.1.6]
	at org.springframework.web.servlet.DispatcherServlet.doService(DispatcherServlet.java:979) ~[spring-webmvc-6.1.6.jar:6.1.6]
	at org.springframework.web.servlet.FrameworkServlet.processRequest(FrameworkServlet.java:1014) ~[spring-webmvc-6.1.6.jar:6.1.6]
	at org.springframework.web.servlet.FrameworkServlet.doPost(FrameworkServlet.java:914) ~[spring-webmvc-6.1.6.jar:6.1.6]
	at jakarta.servlet.http.HttpServlet.service(HttpServlet.java:590) ~[tomcat-embed-core-10.1.20.jar:6.0]
	at org.springframework.web.servlet.FrameworkServlet.service(FrameworkServlet.java:885) ~[spring-webmvc-6.1.6.jar:6.1.6]
	at jakarta.servlet.http.HttpServlet.service(HttpServlet.java:658) ~[tomcat-embed-core-10.1.20.jar:6.0]
	at org.apache.catalina.core.ApplicationFilterChain.internalDoFilter(ApplicationFilterChain.java:206) ~[tomcat-embed-core-10.1.20.jar:10.1.20]
	at org.apache.catalina.core.ApplicationFilterChain.doFilter(ApplicationFilterChain.java:150) ~[tomcat-embed-core-10.1.20.jar:10.1.20]
	at org.apache.tomcat.websocket.server.WsFilter.doFilter(WsFilter.java:51) ~[tomcat-embed-websocket-10.1.20.jar:10.1.20]
	at org.apache.catalina.core.ApplicationFilterChain.internalDoFilter(ApplicationFilterChain.java:175) ~[tomcat-embed-core-10.1.20.jar:10.1.20]
	at org.apache.catalina.core.ApplicationFilterChain.doFilter(ApplicationFilterChain.java:150) ~[tomcat-embed-core-10.1.20.jar:10.1.20]
	at org.springframework.web.filter.RequestContextFilter.doFilterInternal(RequestContextFilter.java:100) ~[spring-web-6.1.6.jar:6.1.6]
	at org.springframework.web.filter.OncePerRequestFilter.doFilter(OncePerRequestFilter.java:116) ~[spring-web-6.1.6.jar:6.1.6]
	at org.apache.catalina.core.ApplicationFilterChain.internalDoFilter(ApplicationFilterChain.java:175) ~[tomcat-embed-core-10.1.20.jar:10.1.20]
	at org.apache.catalina.core.ApplicationFilterChain.doFilter(ApplicationFilterChain.java:150) ~[tomcat-embed-core-10.1.20.jar:10.1.20]
	at org.springframework.web.filter.FormContentFilter.doFilterInternal(FormContentFilter.java:93) ~[spring-web-6.1.6.jar:6.1.6]
	at org.springframework.web.filter.OncePerRequestFilter.doFilter(OncePerRequestFilter.java:116) ~[spring-web-6.1.6.jar:6.1.6]
	at org.apache.catalina.core.ApplicationFilterChain.internalDoFilter(ApplicationFilterChain.java:175) ~[tomcat-embed-core-10.1.20.jar:10.1.20]
	at org.apache.catalina.core.ApplicationFilterChain.doFilter(ApplicationFilterChain.java:150) ~[tomcat-embed-core-10.1.20.jar:10.1.20]
	at org.springframework.web.filter.CharacterEncodingFilter.doFilterInternal(CharacterEncodingFilter.java:201) ~[spring-web-6.1.6.jar:6.1.6]
	at org.springframework.web.filter.OncePerRequestFilter.doFilter(OncePerRequestFilter.java:116) ~[spring-web-6.1.6.jar:6.1.6]
	at org.apache.catalina.core.ApplicationFilterChain.internalDoFilter(ApplicationFilterChain.java:175) ~[tomcat-embed-core-10.1.20.jar:10.1.20]
	at org.apache.catalina.core.ApplicationFilterChain.doFilter(ApplicationFilterChain.java:150) ~[tomcat-embed-core-10.1.20.jar:10.1.20]
	at org.apache.catalina.core.StandardWrapperValve.invoke(StandardWrapperValve.java:167) ~[tomcat-embed-core-10.1.20.jar:10.1.20]
	at org.apache.catalina.core.StandardContextValve.invoke(StandardContextValve.java:90) ~[tomcat-embed-core-10.1.20.jar:10.1.20]
	at org.apache.catalina.authenticator.AuthenticatorBase.invoke(AuthenticatorBase.java:482) ~[tomcat-embed-core-10.1.20.jar:10.1.20]
	at org.apache.catalina.core.StandardHostValve.invoke(StandardHostValve.java:115) ~[tomcat-embed-core-10.1.20.jar:10.1.20]
	at org.apache.catalina.valves.ErrorReportValve.invoke(ErrorReportValve.java:93) ~[tomcat-embed-core-10.1.20.jar:10.1.20]
	at org.apache.catalina.core.StandardEngineValve.invoke(StandardEngineValve.java:74) ~[tomcat-embed-core-10.1.20.jar:10.1.20]
	at org.apache.catalina.connector.CoyoteAdapter.service(CoyoteAdapter.java:344) ~[tomcat-embed-core-10.1.20.jar:10.1.20]
	at org.apache.coyote.http11.Http11Processor.service(Http11Processor.java:391) ~[tomcat-embed-core-10.1.20.jar:10.1.20]
	at org.apache.coyote.AbstractProcessorLight.process(AbstractProcessorLight.java:63) ~[tomcat-embed-core-10.1.20.jar:10.1.20]
	at org.apache.coyote.AbstractProtocol$ConnectionHandler.process(AbstractProtocol.java:896) ~[tomcat-embed-core-10.1.20.jar:10.1.20]
	at org.apache.tomcat.util.net.NioEndpoint$SocketProcessor.doRun(NioEndpoint.java:1736) ~[tomcat-embed-core-10.1.20.jar:10.1.20]
	at org.apache.tomcat.util.net.SocketProcessorBase.run(SocketProcessorBase.java:52) ~[tomcat-embed-core-10.1.20.jar:10.1.20]
	at org.apache.tomcat.util.threads.ThreadPoolExecutor.runWorker(ThreadPoolExecutor.java:1191) ~[tomcat-embed-core-10.1.20.jar:10.1.20]
	at org.apache.tomcat.util.threads.ThreadPoolExecutor$Worker.run(ThreadPoolExecutor.java:659) ~[tomcat-embed-core-10.1.20.jar:10.1.20]
	at org.apache.tomcat.util.threads.TaskThread$WrappingRunnable.run(TaskThread.java:63) ~[tomcat-embed-core-10.1.20.jar:10.1.20]
	at java.base/java.lang.Thread.run(Thread.java:842) ~[na:na]

2025-12-15T00:40:21.184+08:00 ERROR 1049 --- [ai-model-call] [http-nio-40000-exec-9] c.s.a.c.ForwardRequestController         : 生成正向请求参数异常

java.lang.IndexOutOfBoundsException: Index -1 out of bounds for length 3
	at java.base/jdk.internal.util.Preconditions.outOfBounds(Preconditions.java:64) ~[na:na]
	at java.base/jdk.internal.util.Preconditions.outOfBoundsCheckIndex(Preconditions.java:70) ~[na:na]
	at java.base/jdk.internal.util.Preconditions.checkIndex(Preconditions.java:266) ~[na:na]
	at java.base/java.util.Objects.checkIndex(Objects.java:359) ~[na:na]
	at java.base/java.util.ArrayList.get(ArrayList.java:427) ~[na:na]
	at com.scccy.aimodel.util.dsl.ForwardParser.getValueByPath(ForwardParser.java:239) ~[classes/:na]
	at com.scccy.aimodel.util.dsl.ForwardParser.buildResult(ForwardParser.java:123) ~[classes/:na]
	at com.scccy.aimodel.util.dsl.ForwardParser.parse(ForwardParser.java:41) ~[classes/:na]
	at com.scccy.aimodel.util.dsl.ForwardDsl$Builder.generate(ForwardDsl.java:39) ~[classes/:na]
	at com.scccy.aimodel.service.impl.ForwardRequestServiceImpl.generateRequest(ForwardRequestServiceImpl.java:55) ~[classes/:na]
	at com.scccy.aimodel.controller.ForwardRequestController.generateRequest(ForwardRequestController.java:37) ~[classes/:na]
	at java.base/jdk.internal.reflect.NativeMethodAccessorImpl.invoke0(Native Method) ~[na:na]
	at java.base/jdk.internal.reflect.NativeMethodAccessorImpl.invoke(NativeMethodAccessorImpl.java:77) ~[na:na]
	at java.base/jdk.internal.reflect.DelegatingMethodAccessorImpl.invoke(DelegatingMethodAccessorImpl.java:43) ~[na:na]
	at java.base/java.lang.reflect.Method.invoke(Method.java:568) ~[na:na]
	at org.springframework.web.method.support.InvocableHandlerMethod.doInvoke(InvocableHandlerMethod.java:255) ~[spring-web-6.1.6.jar:6.1.6]
	at org.springframework.web.method.support.InvocableHandlerMethod.invokeForRequest(InvocableHandlerMethod.java:188) ~[spring-web-6.1.6.jar:6.1.6]
	at org.springframework.web.servlet.mvc.method.annotation.ServletInvocableHandlerMethod.invokeAndHandle(ServletInvocableHandlerMethod.java:118) ~[spring-webmvc-6.1.6.jar:6.1.6]
	at org.springframework.web.servlet.mvc.method.annotation.RequestMappingHandlerAdapter.invokeHandlerMethod(RequestMappingHandlerAdapter.java:926) ~[spring-webmvc-6.1.6.jar:6.1.6]
	at org.springframework.web.servlet.mvc.method.annotation.RequestMappingHandlerAdapter.handleInternal(RequestMappingHandlerAdapter.java:831) ~[spring-webmvc-6.1.6.jar:6.1.6]
	at org.springframework.web.servlet.mvc.method.AbstractHandlerMethodAdapter.handle(AbstractHandlerMethodAdapter.java:87) ~[spring-webmvc-6.1.6.jar:6.1.6]
	at org.springframework.web.servlet.DispatcherServlet.doDispatch(DispatcherServlet.java:1089) ~[spring-webmvc-6.1.6.jar:6.1.6]
	at org.springframework.web.servlet.DispatcherServlet.doService(DispatcherServlet.java:979) ~[spring-webmvc-6.1.6.jar:6.1.6]
	at org.springframework.web.servlet.FrameworkServlet.processRequest(FrameworkServlet.java:1014) ~[spring-webmvc-6.1.6.jar:6.1.6]
	at org.springframework.web.servlet.FrameworkServlet.doPost(FrameworkServlet.java:914) ~[spring-webmvc-6.1.6.jar:6.1.6]
	at jakarta.servlet.http.HttpServlet.service(HttpServlet.java:590) ~[tomcat-embed-core-10.1.20.jar:6.0]
	at org.springframework.web.servlet.FrameworkServlet.service(FrameworkServlet.java:885) ~[spring-webmvc-6.1.6.jar:6.1.6]
	at jakarta.servlet.http.HttpServlet.service(HttpServlet.java:658) ~[tomcat-embed-core-10.1.20.jar:6.0]
	at org.apache.catalina.core.ApplicationFilterChain.internalDoFilter(ApplicationFilterChain.java:206) ~[tomcat-embed-core-10.1.20.jar:10.1.20]
	at org.apache.catalina.core.ApplicationFilterChain.doFilter(ApplicationFilterChain.java:150) ~[tomcat-embed-core-10.1.20.jar:10.1.20]
	at org.apache.tomcat.websocket.server.WsFilter.doFilter(WsFilter.java:51) ~[tomcat-embed-websocket-10.1.20.jar:10.1.20]
	at org.apache.catalina.core.ApplicationFilterChain.internalDoFilter(ApplicationFilterChain.java:175) ~[tomcat-embed-core-10.1.20.jar:10.1.20]
	at org.apache.catalina.core.ApplicationFilterChain.doFilter(ApplicationFilterChain.java:150) ~[tomcat-embed-core-10.1.20.jar:10.1.20]
	at org.springframework.web.filter.RequestContextFilter.doFilterInternal(RequestContextFilter.java:100) ~[spring-web-6.1.6.jar:6.1.6]
	at org.springframework.web.filter.OncePerRequestFilter.doFilter(OncePerRequestFilter.java:116) ~[spring-web-6.1.6.jar:6.1.6]
	at org.apache.catalina.core.ApplicationFilterChain.internalDoFilter(ApplicationFilterChain.java:175) ~[tomcat-embed-core-10.1.20.jar:10.1.20]
	at org.apache.catalina.core.ApplicationFilterChain.doFilter(ApplicationFilterChain.java:150) ~[tomcat-embed-core-10.1.20.jar:10.1.20]
	at org.springframework.web.filter.FormContentFilter.doFilterInternal(FormContentFilter.java:93) ~[spring-web-6.1.6.jar:6.1.6]
	at org.springframework.web.filter.OncePerRequestFilter.doFilter(OncePerRequestFilter.java:116) ~[spring-web-6.1.6.jar:6.1.6]
	at org.apache.catalina.core.ApplicationFilterChain.internalDoFilter(ApplicationFilterChain.java:175) ~[tomcat-embed-core-10.1.20.jar:10.1.20]
	at org.apache.catalina.core.ApplicationFilterChain.doFilter(ApplicationFilterChain.java:150) ~[tomcat-embed-core-10.1.20.jar:10.1.20]
	at org.springframework.web.filter.CharacterEncodingFilter.doFilterInternal(CharacterEncodingFilter.java:201) ~[spring-web-6.1.6.jar:6.1.6]
	at org.springframework.web.filter.OncePerRequestFilter.doFilter(OncePerRequestFilter.java:116) ~[spring-web-6.1.6.jar:6.1.6]
	at org.apache.catalina.core.ApplicationFilterChain.internalDoFilter(ApplicationFilterChain.java:175) ~[tomcat-embed-core-10.1.20.jar:10.1.20]
	at org.apache.catalina.core.ApplicationFilterChain.doFilter(ApplicationFilterChain.java:150) ~[tomcat-embed-core-10.1.20.jar:10.1.20]
	at org.apache.catalina.core.StandardWrapperValve.invoke(StandardWrapperValve.java:167) ~[tomcat-embed-core-10.1.20.jar:10.1.20]
	at org.apache.catalina.core.StandardContextValve.invoke(StandardContextValve.java:90) ~[tomcat-embed-core-10.1.20.jar:10.1.20]
	at org.apache.catalina.authenticator.AuthenticatorBase.invoke(AuthenticatorBase.java:482) ~[tomcat-embed-core-10.1.20.jar:10.1.20]
	at org.apache.catalina.core.StandardHostValve.invoke(StandardHostValve.java:115) ~[tomcat-embed-core-10.1.20.jar:10.1.20]
	at org.apache.catalina.valves.ErrorReportValve.invoke(ErrorReportValve.java:93) ~[tomcat-embed-core-10.1.20.jar:10.1.20]
	at org.apache.catalina.core.StandardEngineValve.invoke(StandardEngineValve.java:74) ~[tomcat-embed-core-10.1.20.jar:10.1.20]
	at org.apache.catalina.connector.CoyoteAdapter.service(CoyoteAdapter.java:344) ~[tomcat-embed-core-10.1.20.jar:10.1.20]
	at org.apache.coyote.http11.Http11Processor.service(Http11Processor.java:391) ~[tomcat-embed-core-10.1.20.jar:10.1.20]
	at org.apache.coyote.AbstractProcessorLight.process(AbstractProcessorLight.java:63) ~[tomcat-embed-core-10.1.20.jar:10.1.20]
	at org.apache.coyote.AbstractProtocol$ConnectionHandler.process(AbstractProtocol.java:896) ~[tomcat-embed-core-10.1.20.jar:10.1.20]
	at org.apache.tomcat.util.net.NioEndpoint$SocketProcessor.doRun(NioEndpoint.java:1736) ~[tomcat-embed-core-10.1.20.jar:10.1.20]
	at org.apache.tomcat.util.net.SocketProcessorBase.run(SocketProcessorBase.java:52) ~[tomcat-embed-core-10.1.20.jar:10.1.20]
	at org.apache.tomcat.util.threads.ThreadPoolExecutor.runWorker(ThreadPoolExecutor.java:1191) ~[tomcat-embed-core-10.1.20.jar:10.1.20]
	at org.apache.tomcat.util.threads.ThreadPoolExecutor$Worker.run(ThreadPoolExecutor.java:659) ~[tomcat-embed-core-10.1.20.jar:10.1.20]
	at org.apache.tomcat.util.threads.TaskThread$WrappingRunnable.run(TaskThread.java:63) ~[tomcat-embed-core-10.1.20.jar:10.1.20]
	at java.base/java.lang.Thread.run(Thread.java:842) ~[na:na]

2025-12-15T00:40:48.478+08:00  WARN 1049 --- [ai-model-call] [http-nio-40000-exec-10] .w.s.m.s.DefaultHandlerExceptionResolver : Resolved [org.springframework.web.HttpRequestMethodNotSupportedException: Request method 'GET' is not supported]
2025-12-15T00:41:59.183+08:00 ERROR 1049 --- [ai-model-call] [http-nio-40000-exec-1] c.s.a.c.ForwardRequestController         : 生成正向请求参数异常

java.lang.IndexOutOfBoundsException: Index -1 out of bounds for length 3
	at java.base/jdk.internal.util.Preconditions.outOfBounds(Preconditions.java:64) ~[na:na]
	at java.base/jdk.internal.util.Preconditions.outOfBoundsCheckIndex(Preconditions.java:70) ~[na:na]
	at java.base/jdk.internal.util.Preconditions.checkIndex(Preconditions.java:266) ~[na:na]
	at java.base/java.util.Objects.checkIndex(Objects.java:359) ~[na:na]
	at java.base/java.util.ArrayList.get(ArrayList.java:427) ~[na:na]
	at com.scccy.aimodel.util.dsl.ForwardParser.getValueByPath(ForwardParser.java:239) ~[classes/:na]
	at com.scccy.aimodel.util.dsl.ForwardParser.buildResult(ForwardParser.java:123) ~[classes/:na]
	at com.scccy.aimodel.util.dsl.ForwardParser.parse(ForwardParser.java:41) ~[classes/:na]
	at com.scccy.aimodel.util.dsl.ForwardDsl$Builder.generate(ForwardDsl.java:39) ~[classes/:na]
	at com.scccy.aimodel.service.impl.ForwardRequestServiceImpl.generateRequest(ForwardRequestServiceImpl.java:55) ~[classes/:na]
	at com.scccy.aimodel.controller.ForwardRequestController.generateRequest(ForwardRequestController.java:37) ~[classes/:na]
	at java.base/jdk.internal.reflect.NativeMethodAccessorImpl.invoke0(Native Method) ~[na:na]
	at java.base/jdk.internal.reflect.NativeMethodAccessorImpl.invoke(NativeMethodAccessorImpl.java:77) ~[na:na]
	at java.base/jdk.internal.reflect.DelegatingMethodAccessorImpl.invoke(DelegatingMethodAccessorImpl.java:43) ~[na:na]
	at java.base/java.lang.reflect.Method.invoke(Method.java:568) ~[na:na]
	at org.springframework.web.method.support.InvocableHandlerMethod.doInvoke(InvocableHandlerMethod.java:255) ~[spring-web-6.1.6.jar:6.1.6]
	at org.springframework.web.method.support.InvocableHandlerMethod.invokeForRequest(InvocableHandlerMethod.java:188) ~[spring-web-6.1.6.jar:6.1.6]
	at org.springframework.web.servlet.mvc.method.annotation.ServletInvocableHandlerMethod.invokeAndHandle(ServletInvocableHandlerMethod.java:118) ~[spring-webmvc-6.1.6.jar:6.1.6]
	at org.springframework.web.servlet.mvc.method.annotation.RequestMappingHandlerAdapter.invokeHandlerMethod(RequestMappingHandlerAdapter.java:926) ~[spring-webmvc-6.1.6.jar:6.1.6]
	at org.springframework.web.servlet.mvc.method.annotation.RequestMappingHandlerAdapter.handleInternal(RequestMappingHandlerAdapter.java:831) ~[spring-webmvc-6.1.6.jar:6.1.6]
	at org.springframework.web.servlet.mvc.method.AbstractHandlerMethodAdapter.handle(AbstractHandlerMethodAdapter.java:87) ~[spring-webmvc-6.1.6.jar:6.1.6]
	at org.springframework.web.servlet.DispatcherServlet.doDispatch(DispatcherServlet.java:1089) ~[spring-webmvc-6.1.6.jar:6.1.6]
	at org.springframework.web.servlet.DispatcherServlet.doService(DispatcherServlet.java:979) ~[spring-webmvc-6.1.6.jar:6.1.6]
	at org.springframework.web.servlet.FrameworkServlet.processRequest(FrameworkServlet.java:1014) ~[spring-webmvc-6.1.6.jar:6.1.6]
	at org.springframework.web.servlet.FrameworkServlet.doPost(FrameworkServlet.java:914) ~[spring-webmvc-6.1.6.jar:6.1.6]
	at jakarta.servlet.http.HttpServlet.service(HttpServlet.java:590) ~[tomcat-embed-core-10.1.20.jar:6.0]
	at org.springframework.web.servlet.FrameworkServlet.service(FrameworkServlet.java:885) ~[spring-webmvc-6.1.6.jar:6.1.6]
	at jakarta.servlet.http.HttpServlet.service(HttpServlet.java:658) ~[tomcat-embed-core-10.1.20.jar:6.0]
	at org.apache.catalina.core.ApplicationFilterChain.internalDoFilter(ApplicationFilterChain.java:206) ~[tomcat-embed-core-10.1.20.jar:10.1.20]
	at org.apache.catalina.core.ApplicationFilterChain.doFilter(ApplicationFilterChain.java:150) ~[tomcat-embed-core-10.1.20.jar:10.1.20]
	at org.apache.tomcat.websocket.server.WsFilter.doFilter(WsFilter.java:51) ~[tomcat-embed-websocket-10.1.20.jar:10.1.20]
	at org.apache.catalina.core.ApplicationFilterChain.internalDoFilter(ApplicationFilterChain.java:175) ~[tomcat-embed-core-10.1.20.jar:10.1.20]
	at org.apache.catalina.core.ApplicationFilterChain.doFilter(ApplicationFilterChain.java:150) ~[tomcat-embed-core-10.1.20.jar:10.1.20]
	at org.springframework.web.filter.RequestContextFilter.doFilterInternal(RequestContextFilter.java:100) ~[spring-web-6.1.6.jar:6.1.6]
	at org.springframework.web.filter.OncePerRequestFilter.doFilter(OncePerRequestFilter.java:116) ~[spring-web-6.1.6.jar:6.1.6]
	at org.apache.catalina.core.ApplicationFilterChain.internalDoFilter(ApplicationFilterChain.java:175) ~[tomcat-embed-core-10.1.20.jar:10.1.20]
	at org.apache.catalina.core.ApplicationFilterChain.doFilter(ApplicationFilterChain.java:150) ~[tomcat-embed-core-10.1.20.jar:10.1.20]
	at org.springframework.web.filter.FormContentFilter.doFilterInternal(FormContentFilter.java:93) ~[spring-web-6.1.6.jar:6.1.6]
	at org.springframework.web.filter.OncePerRequestFilter.doFilter(OncePerRequestFilter.java:116) ~[spring-web-6.1.6.jar:6.1.6]
	at org.apache.catalina.core.ApplicationFilterChain.internalDoFilter(ApplicationFilterChain.java:175) ~[tomcat-embed-core-10.1.20.jar:10.1.20]
	at org.apache.catalina.core.ApplicationFilterChain.doFilter(ApplicationFilterChain.java:150) ~[tomcat-embed-core-10.1.20.jar:10.1.20]
	at org.springframework.web.filter.CharacterEncodingFilter.doFilterInternal(CharacterEncodingFilter.java:201) ~[spring-web-6.1.6.jar:6.1.6]
	at org.springframework.web.filter.OncePerRequestFilter.doFilter(OncePerRequestFilter.java:116) ~[spring-web-6.1.6.jar:6.1.6]
	at org.apache.catalina.core.ApplicationFilterChain.internalDoFilter(ApplicationFilterChain.java:175) ~[tomcat-embed-core-10.1.20.jar:10.1.20]
	at org.apache.catalina.core.ApplicationFilterChain.doFilter(ApplicationFilterChain.java:150) ~[tomcat-embed-core-10.1.20.jar:10.1.20]
	at org.apache.catalina.core.StandardWrapperValve.invoke(StandardWrapperValve.java:167) ~[tomcat-embed-core-10.1.20.jar:10.1.20]
	at org.apache.catalina.core.StandardContextValve.invoke(StandardContextValve.java:90) ~[tomcat-embed-core-10.1.20.jar:10.1.20]
	at org.apache.catalina.authenticator.AuthenticatorBase.invoke(AuthenticatorBase.java:482) ~[tomcat-embed-core-10.1.20.jar:10.1.20]
	at org.apache.catalina.core.StandardHostValve.invoke(StandardHostValve.java:115) ~[tomcat-embed-core-10.1.20.jar:10.1.20]
	at org.apache.catalina.valves.ErrorReportValve.invoke(ErrorReportValve.java:93) ~[tomcat-embed-core-10.1.20.jar:10.1.20]
	at org.apache.catalina.core.StandardEngineValve.invoke(StandardEngineValve.java:74) ~[tomcat-embed-core-10.1.20.jar:10.1.20]
	at org.apache.catalina.connector.CoyoteAdapter.service(CoyoteAdapter.java:344) ~[tomcat-embed-core-10.1.20.jar:10.1.20]
	at org.apache.coyote.http11.Http11Processor.service(Http11Processor.java:391) ~[tomcat-embed-core-10.1.20.jar:10.1.20]
	at org.apache.coyote.AbstractProcessorLight.process(AbstractProcessorLight.java:63) ~[tomcat-embed-core-10.1.20.jar:10.1.20]
	at org.apache.coyote.AbstractProtocol$ConnectionHandler.process(AbstractProtocol.java:896) ~[tomcat-embed-core-10.1.20.jar:10.1.20]
	at org.apache.tomcat.util.net.NioEndpoint$SocketProcessor.doRun(NioEndpoint.java:1736) ~[tomcat-embed-core-10.1.20.jar:10.1.20]
	at org.apache.tomcat.util.net.SocketProcessorBase.run(SocketProcessorBase.java:52) ~[tomcat-embed-core-10.1.20.jar:10.1.20]
	at org.apache.tomcat.util.threads.ThreadPoolExecutor.runWorker(ThreadPoolExecutor.java:1191) ~[tomcat-embed-core-10.1.20.jar:10.1.20]
	at org.apache.tomcat.util.threads.ThreadPoolExecutor$Worker.run(ThreadPoolExecutor.java:659) ~[tomcat-embed-core-10.1.20.jar:10.1.20]
	at org.apache.tomcat.util.threads.TaskThread$WrappingRunnable.run(TaskThread.java:63) ~[tomcat-embed-core-10.1.20.jar:10.1.20]
	at java.base/java.lang.Thread.run(Thread.java:842) ~[na:na]

2025-12-15T00:45:36.305+08:00 ERROR 1049 --- [ai-model-call] [http-nio-40000-exec-6] c.s.a.c.ForwardRequestController         : 生成正向请求参数异常

java.lang.IndexOutOfBoundsException: Index -1 out of bounds for length 2
	at java.base/jdk.internal.util.Preconditions.outOfBounds(Preconditions.java:64) ~[na:na]
	at java.base/jdk.internal.util.Preconditions.outOfBoundsCheckIndex(Preconditions.java:70) ~[na:na]
	at java.base/jdk.internal.util.Preconditions.checkIndex(Preconditions.java:266) ~[na:na]
	at java.base/java.util.Objects.checkIndex(Objects.java:359) ~[na:na]
	at java.base/java.util.ArrayList.get(ArrayList.java:427) ~[na:na]
	at com.scccy.aimodel.util.dsl.ForwardParser.getValueByPath(ForwardParser.java:239) ~[classes/:na]
	at com.scccy.aimodel.util.dsl.ForwardParser.buildResult(ForwardParser.java:123) ~[classes/:na]
	at com.scccy.aimodel.util.dsl.ForwardParser.parse(ForwardParser.java:41) ~[classes/:na]
	at com.scccy.aimodel.util.dsl.ForwardDsl$Builder.generate(ForwardDsl.java:39) ~[classes/:na]
	at com.scccy.aimodel.service.impl.ForwardRequestServiceImpl.generateRequest(ForwardRequestServiceImpl.java:55) ~[classes/:na]
	at com.scccy.aimodel.controller.ForwardRequestController.generateRequest(ForwardRequestController.java:37) ~[classes/:na]
	at java.base/jdk.internal.reflect.NativeMethodAccessorImpl.invoke0(Native Method) ~[na:na]
	at java.base/jdk.internal.reflect.NativeMethodAccessorImpl.invoke(NativeMethodAccessorImpl.java:77) ~[na:na]
	at java.base/jdk.internal.reflect.DelegatingMethodAccessorImpl.invoke(DelegatingMethodAccessorImpl.java:43) ~[na:na]
	at java.base/java.lang.reflect.Method.invoke(Method.java:568) ~[na:na]
	at org.springframework.web.method.support.InvocableHandlerMethod.doInvoke(InvocableHandlerMethod.java:255) ~[spring-web-6.1.6.jar:6.1.6]
	at org.springframework.web.method.support.InvocableHandlerMethod.invokeForRequest(InvocableHandlerMethod.java:188) ~[spring-web-6.1.6.jar:6.1.6]
	at org.springframework.web.servlet.mvc.method.annotation.ServletInvocableHandlerMethod.invokeAndHandle(ServletInvocableHandlerMethod.java:118) ~[spring-webmvc-6.1.6.jar:6.1.6]
	at org.springframework.web.servlet.mvc.method.annotation.RequestMappingHandlerAdapter.invokeHandlerMethod(RequestMappingHandlerAdapter.java:926) ~[spring-webmvc-6.1.6.jar:6.1.6]
	at org.springframework.web.servlet.mvc.method.annotation.RequestMappingHandlerAdapter.handleInternal(RequestMappingHandlerAdapter.java:831) ~[spring-webmvc-6.1.6.jar:6.1.6]
	at org.springframework.web.servlet.mvc.method.AbstractHandlerMethodAdapter.handle(AbstractHandlerMethodAdapter.java:87) ~[spring-webmvc-6.1.6.jar:6.1.6]
	at org.springframework.web.servlet.DispatcherServlet.doDispatch(DispatcherServlet.java:1089) ~[spring-webmvc-6.1.6.jar:6.1.6]
	at org.springframework.web.servlet.DispatcherServlet.doService(DispatcherServlet.java:979) ~[spring-webmvc-6.1.6.jar:6.1.6]
	at org.springframework.web.servlet.FrameworkServlet.processRequest(FrameworkServlet.java:1014) ~[spring-webmvc-6.1.6.jar:6.1.6]
	at org.springframework.web.servlet.FrameworkServlet.doPost(FrameworkServlet.java:914) ~[spring-webmvc-6.1.6.jar:6.1.6]
	at jakarta.servlet.http.HttpServlet.service(HttpServlet.java:590) ~[tomcat-embed-core-10.1.20.jar:6.0]
	at org.springframework.web.servlet.FrameworkServlet.service(FrameworkServlet.java:885) ~[spring-webmvc-6.1.6.jar:6.1.6]
	at jakarta.servlet.http.HttpServlet.service(HttpServlet.java:658) ~[tomcat-embed-core-10.1.20.jar:6.0]
	at org.apache.catalina.core.ApplicationFilterChain.internalDoFilter(ApplicationFilterChain.java:206) ~[tomcat-embed-core-10.1.20.jar:10.1.20]
	at org.apache.catalina.core.ApplicationFilterChain.doFilter(ApplicationFilterChain.java:150) ~[tomcat-embed-core-10.1.20.jar:10.1.20]
	at org.apache.tomcat.websocket.server.WsFilter.doFilter(WsFilter.java:51) ~[tomcat-embed-websocket-10.1.20.jar:10.1.20]
	at org.apache.catalina.core.ApplicationFilterChain.internalDoFilter(ApplicationFilterChain.java:175) ~[tomcat-embed-core-10.1.20.jar:10.1.20]
	at org.apache.catalina.core.ApplicationFilterChain.doFilter(ApplicationFilterChain.java:150) ~[tomcat-embed-core-10.1.20.jar:10.1.20]
	at org.springframework.web.filter.RequestContextFilter.doFilterInternal(RequestContextFilter.java:100) ~[spring-web-6.1.6.jar:6.1.6]
	at org.springframework.web.filter.OncePerRequestFilter.doFilter(OncePerRequestFilter.java:116) ~[spring-web-6.1.6.jar:6.1.6]
	at org.apache.catalina.core.ApplicationFilterChain.internalDoFilter(ApplicationFilterChain.java:175) ~[tomcat-embed-core-10.1.20.jar:10.1.20]
	at org.apache.catalina.core.ApplicationFilterChain.doFilter(ApplicationFilterChain.java:150) ~[tomcat-embed-core-10.1.20.jar:10.1.20]
	at org.springframework.web.filter.FormContentFilter.doFilterInternal(FormContentFilter.java:93) ~[spring-web-6.1.6.jar:6.1.6]
	at org.springframework.web.filter.OncePerRequestFilter.doFilter(OncePerRequestFilter.java:116) ~[spring-web-6.1.6.jar:6.1.6]
	at org.apache.catalina.core.ApplicationFilterChain.internalDoFilter(ApplicationFilterChain.java:175) ~[tomcat-embed-core-10.1.20.jar:10.1.20]
	at org.apache.catalina.core.ApplicationFilterChain.doFilter(ApplicationFilterChain.java:150) ~[tomcat-embed-core-10.1.20.jar:10.1.20]
	at org.springframework.web.filter.CharacterEncodingFilter.doFilterInternal(CharacterEncodingFilter.java:201) ~[spring-web-6.1.6.jar:6.1.6]
	at org.springframework.web.filter.OncePerRequestFilter.doFilter(OncePerRequestFilter.java:116) ~[spring-web-6.1.6.jar:6.1.6]
	at org.apache.catalina.core.ApplicationFilterChain.internalDoFilter(ApplicationFilterChain.java:175) ~[tomcat-embed-core-10.1.20.jar:10.1.20]
	at org.apache.catalina.core.ApplicationFilterChain.doFilter(ApplicationFilterChain.java:150) ~[tomcat-embed-core-10.1.20.jar:10.1.20]
	at org.apache.catalina.core.StandardWrapperValve.invoke(StandardWrapperValve.java:167) ~[tomcat-embed-core-10.1.20.jar:10.1.20]
	at org.apache.catalina.core.StandardContextValve.invoke(StandardContextValve.java:90) ~[tomcat-embed-core-10.1.20.jar:10.1.20]
	at org.apache.catalina.authenticator.AuthenticatorBase.invoke(AuthenticatorBase.java:482) ~[tomcat-embed-core-10.1.20.jar:10.1.20]
	at org.apache.catalina.core.StandardHostValve.invoke(StandardHostValve.java:115) ~[tomcat-embed-core-10.1.20.jar:10.1.20]
	at org.apache.catalina.valves.ErrorReportValve.invoke(ErrorReportValve.java:93) ~[tomcat-embed-core-10.1.20.jar:10.1.20]
	at org.apache.catalina.core.StandardEngineValve.invoke(StandardEngineValve.java:74) ~[tomcat-embed-core-10.1.20.jar:10.1.20]
	at org.apache.catalina.connector.CoyoteAdapter.service(CoyoteAdapter.java:344) ~[tomcat-embed-core-10.1.20.jar:10.1.20]
	at org.apache.coyote.http11.Http11Processor.service(Http11Processor.java:391) ~[tomcat-embed-core-10.1.20.jar:10.1.20]
	at org.apache.coyote.AbstractProcessorLight.process(AbstractProcessorLight.java:63) ~[tomcat-embed-core-10.1.20.jar:10.1.20]
	at org.apache.coyote.AbstractProtocol$ConnectionHandler.process(AbstractProtocol.java:896) ~[tomcat-embed-core-10.1.20.jar:10.1.20]
	at org.apache.tomcat.util.net.NioEndpoint$SocketProcessor.doRun(NioEndpoint.java:1736) ~[tomcat-embed-core-10.1.20.jar:10.1.20]
	at org.apache.tomcat.util.net.SocketProcessorBase.run(SocketProcessorBase.java:52) ~[tomcat-embed-core-10.1.20.jar:10.1.20]
	at org.apache.tomcat.util.threads.ThreadPoolExecutor.runWorker(ThreadPoolExecutor.java:1191) ~[tomcat-embed-core-10.1.20.jar:10.1.20]
	at org.apache.tomcat.util.threads.ThreadPoolExecutor$Worker.run(ThreadPoolExecutor.java:659) ~[tomcat-embed-core-10.1.20.jar:10.1.20]
	at org.apache.tomcat.util.threads.TaskThread$WrappingRunnable.run(TaskThread.java:63) ~[tomcat-embed-core-10.1.20.jar:10.1.20]
	at java.base/java.lang.Thread.run(Thread.java:842) ~[na:na]

2025-12-15T00:46:30.422+08:00  INFO 1049 --- [ai-model-call] [SpringApplicationShutdownHook] com.zaxxer.hikari.HikariDataSource       : HikariCP - Shutdown initiated...
2025-12-15T00:46:30.436+08:00  INFO 1049 --- [ai-model-call] [SpringApplicationShutdownHook] com.zaxxer.hikari.HikariDataSource       : HikariCP - Shutdown completed.
2025-12-15T00:46:32.663+08:00  INFO 5145 --- [ai-model-call] [main] c.scccy.aimodel.AiModelCallApplication   : Starting AiModelCallApplication using Java 17.0.16 with PID 5145 (/Volumes/project/github/ai/target/classes started by shici in /Volumes/project/github/ai)
2025-12-15T00:46:32.665+08:00  INFO 5145 --- [ai-model-call] [main] c.scccy.aimodel.AiModelCallApplication   : No active profile set, falling back to 1 default profile: "default"
2025-12-15T00:46:32.930+08:00  INFO 5145 --- [ai-model-call] [main] .s.a.c.BeanDefinitionDiagnosticProcessor : ============== 开始诊断 BeanDefinition ==============
2025-12-15T00:46:32.930+08:00  INFO 5145 --- [ai-model-call] [main] .s.a.c.BeanDefinitionDiagnosticProcessor : ✓ 未发现 factoryBeanObjectType 类型异常的 Bean
2025-12-15T00:46:32.930+08:00  INFO 5145 --- [ai-model-call] [main] .s.a.c.BeanDefinitionDiagnosticProcessor : ============== 诊断完成 ==============
2025-12-15T00:46:33.037+08:00  INFO 5145 --- [ai-model-call] [main] o.s.b.w.embedded.tomcat.TomcatWebServer  : Tomcat initialized with port 40000 (http)
2025-12-15T00:46:33.041+08:00  INFO 5145 --- [ai-model-call] [main] o.apache.catalina.core.StandardService   : Starting service [Tomcat]
2025-12-15T00:46:33.041+08:00  INFO 5145 --- [ai-model-call] [main] o.apache.catalina.core.StandardEngine    : Starting Servlet engine: [Apache Tomcat/10.1.20]
2025-12-15T00:46:33.058+08:00  INFO 5145 --- [ai-model-call] [main] o.a.c.c.C.[Tomcat].[localhost].[/]       : Initializing Spring embedded WebApplicationContext
2025-12-15T00:46:33.059+08:00  INFO 5145 --- [ai-model-call] [main] w.s.c.ServletWebServerApplicationContext : Root WebApplicationContext: initialization completed in 375 ms
2025-12-15T00:46:33.377+08:00  WARN 5145 --- [ai-model-call] [main] c.b.m.core.injector.DefaultSqlInjector   : class com.scccy.aimodel.domain.mp.DimDictionaryMappingMp ,Not found @TableId annotation, Cannot use Mybatis-Plus 'xxById' Method.
2025-12-15T00:46:33.645+08:00  INFO 5145 --- [ai-model-call] [main] m.e.s.MybatisPlusApplicationContextAware : Register ApplicationContext instances org.springframework.boot.web.servlet.context.AnnotationConfigServletWebServerApplicationContext@4de41af9
2025-12-15T00:46:33.752+08:00  INFO 5145 --- [ai-model-call] [main] o.s.b.w.embedded.tomcat.TomcatWebServer  : Tomcat started on port 40000 (http) with context path ''
2025-12-15T00:46:33.757+08:00  INFO 5145 --- [ai-model-call] [main] c.scccy.aimodel.AiModelCallApplication   : Started AiModelCallApplication in 1.263 seconds (process running for 1.788)
2025-12-15T00:46:44.779+08:00  INFO 5145 --- [ai-model-call] [http-nio-40000-exec-1] o.a.c.c.C.[Tomcat].[localhost].[/]       : Initializing Spring DispatcherServlet 'dispatcherServlet'
2025-12-15T00:46:44.779+08:00  INFO 5145 --- [ai-model-call] [http-nio-40000-exec-1] o.s.web.servlet.DispatcherServlet        : Initializing Servlet 'dispatcherServlet'
2025-12-15T00:46:44.784+08:00  INFO 5145 --- [ai-model-call] [http-nio-40000-exec-1] o.s.web.servlet.DispatcherServlet        : Completed initialization in 4 ms
2025-12-15T00:52:20.562+08:00  INFO 5145 --- [ai-model-call] [http-nio-40000-exec-5] com.zaxxer.hikari.HikariDataSource       : HikariCP - Starting...
2025-12-15T00:52:20.703+08:00  INFO 5145 --- [ai-model-call] [http-nio-40000-exec-5] com.zaxxer.hikari.pool.HikariPool        : HikariCP - Added connection com.mysql.cj.jdbc.ConnectionImpl@3122ede6
2025-12-15T00:52:20.704+08:00  INFO 5145 --- [ai-model-call] [http-nio-40000-exec-5] com.zaxxer.hikari.HikariDataSource       : HikariCP - Start completed.
2025-12-15T00:52:20.766+08:00  INFO 5145 --- [ai-model-call] [http-nio-40000-exec-5] c.s.a.s.impl.ReverseParseServiceImpl     : 物理删除模型 chat3 的旧配置项，共删除 0 条记录
2025-12-15T00:52:20.869+08:00 ERROR 5145 --- [ai-model-call] [http-nio-40000-exec-5] c.s.a.s.impl.ReverseParseServiceImpl     : 保存配置失败

org.springframework.dao.DataIntegrityViolationException: 
### Error updating database.  Cause: com.mysql.cj.jdbc.exceptions.MysqlDataTruncation: Data truncation: Invalid JSON text: "Invalid value." at position 1 in value for column 'dim_ai_model_item.spel_temp'.
### The error may exist in com/scccy/aimodel/dao/mapper/DimAiModelItemMapper.java (best guess)
### The error may involve com.scccy.aimodel.dao.mapper.DimAiModelItemMapper.insert-Inline
### The error occurred while setting parameters
### SQL: INSERT INTO dim_ai_model_item  ( id, model_name, item_type, item_key, category, node, post_param, spel_temp,  value_object,   sort_order, created_by, created_time, updated_by, updated_time, del_flag )  VALUES (  ?, ?, ?, ?, ?, ?, ?, ?,  ?,   ?, ?, ?, ?, ?, ?  )
### Cause: com.mysql.cj.jdbc.exceptions.MysqlDataTruncation: Data truncation: Invalid JSON text: "Invalid value." at position 1 in value for column 'dim_ai_model_item.spel_temp'.
; Data truncation: Invalid JSON text: "Invalid value." at position 1 in value for column 'dim_ai_model_item.spel_temp'.
	at org.springframework.jdbc.support.SQLStateSQLExceptionTranslator.doTranslate(SQLStateSQLExceptionTranslator.java:118) ~[spring-jdbc-6.1.6.jar:6.1.6]
	at org.springframework.jdbc.support.AbstractFallbackSQLExceptionTranslator.translate(AbstractFallbackSQLExceptionTranslator.java:107) ~[spring-jdbc-6.1.6.jar:6.1.6]
	at org.springframework.jdbc.support.AbstractFallbackSQLExceptionTranslator.translate(AbstractFallbackSQLExceptionTranslator.java:116) ~[spring-jdbc-6.1.6.jar:6.1.6]
	at org.springframework.jdbc.support.AbstractFallbackSQLExceptionTranslator.translate(AbstractFallbackSQLExceptionTranslator.java:116) ~[spring-jdbc-6.1.6.jar:6.1.6]
	at org.mybatis.spring.MyBatisExceptionTranslator.translateExceptionIfPossible(MyBatisExceptionTranslator.java:95) ~[mybatis-spring-3.0.5.jar:3.0.5]
	at org.mybatis.spring.SqlSessionTemplate$SqlSessionInterceptor.invoke(SqlSessionTemplate.java:347) ~[mybatis-spring-3.0.5.jar:3.0.5]
	at jdk.proxy2/jdk.proxy2.$Proxy78.insert(Unknown Source) ~[na:na]
	at org.mybatis.spring.SqlSessionTemplate.insert(SqlSessionTemplate.java:224) ~[mybatis-spring-3.0.5.jar:3.0.5]
	at com.baomidou.mybatisplus.core.override.MybatisMapperMethod.execute(MybatisMapperMethod.java:59) ~[mybatis-plus-core-3.5.15.jar:3.5.15]
	at com.baomidou.mybatisplus.core.override.MybatisMapperProxy$PlainMethodInvoker.invoke(MybatisMapperProxy.java:156) ~[mybatis-plus-core-3.5.15.jar:3.5.15]
	at com.baomidou.mybatisplus.core.override.MybatisMapperProxy.invoke(MybatisMapperProxy.java:93) ~[mybatis-plus-core-3.5.15.jar:3.5.15]
	at jdk.proxy2/jdk.proxy2.$Proxy79.insert(Unknown Source) ~[na:na]
	at com.baomidou.mybatisplus.extension.repository.IRepository.save(IRepository.java:37) ~[mybatis-plus-extension-3.5.15.jar:3.5.15]
	at java.base/jdk.internal.reflect.NativeMethodAccessorImpl.invoke0(Native Method) ~[na:na]
	at java.base/jdk.internal.reflect.NativeMethodAccessorImpl.invoke(NativeMethodAccessorImpl.java:77) ~[na:na]
	at java.base/jdk.internal.reflect.DelegatingMethodAccessorImpl.invoke(DelegatingMethodAccessorImpl.java:43) ~[na:na]
	at java.base/java.lang.reflect.Method.invoke(Method.java:568) ~[na:na]
	at org.springframework.aop.support.AopUtils.invokeJoinpointUsingReflection(AopUtils.java:354) ~[spring-aop-6.1.6.jar:6.1.6]
	at org.springframework.aop.framework.CglibAopProxy$DynamicAdvisedInterceptor.intercept(CglibAopProxy.java:716) ~[spring-aop-6.1.6.jar:6.1.6]
	at com.scccy.aimodel.dao.service.impl.DimAiModelItemMpServiceImpl$$SpringCGLIB$$0.save(<generated>) ~[classes/:na]
	at com.scccy.aimodel.service.impl.ReverseParseServiceImpl.saveOneItem(ReverseParseServiceImpl.java:138) ~[classes/:na]
	at com.scccy.aimodel.service.impl.ReverseParseServiceImpl.saveConfigItems(ReverseParseServiceImpl.java:102) ~[classes/:na]
	at com.scccy.aimodel.service.impl.ReverseParseServiceImpl.saveConfig(ReverseParseServiceImpl.java:82) ~[classes/:na]
	at com.scccy.aimodel.controller.ReverseParseController.saveConfig(ReverseParseController.java:57) ~[classes/:na]
	at java.base/jdk.internal.reflect.NativeMethodAccessorImpl.invoke0(Native Method) ~[na:na]
	at java.base/jdk.internal.reflect.NativeMethodAccessorImpl.invoke(NativeMethodAccessorImpl.java:77) ~[na:na]
	at java.base/jdk.internal.reflect.DelegatingMethodAccessorImpl.invoke(DelegatingMethodAccessorImpl.java:43) ~[na:na]
	at java.base/java.lang.reflect.Method.invoke(Method.java:568) ~[na:na]
	at org.springframework.web.method.support.InvocableHandlerMethod.doInvoke(InvocableHandlerMethod.java:255) ~[spring-web-6.1.6.jar:6.1.6]
	at org.springframework.web.method.support.InvocableHandlerMethod.invokeForRequest(InvocableHandlerMethod.java:188) ~[spring-web-6.1.6.jar:6.1.6]
	at org.springframework.web.servlet.mvc.method.annotation.ServletInvocableHandlerMethod.invokeAndHandle(ServletInvocableHandlerMethod.java:118) ~[spring-webmvc-6.1.6.jar:6.1.6]
	at org.springframework.web.servlet.mvc.method.annotation.RequestMappingHandlerAdapter.invokeHandlerMethod(RequestMappingHandlerAdapter.java:926) ~[spring-webmvc-6.1.6.jar:6.1.6]
	at org.springframework.web.servlet.mvc.method.annotation.RequestMappingHandlerAdapter.handleInternal(RequestMappingHandlerAdapter.java:831) ~[spring-webmvc-6.1.6.jar:6.1.6]
	at org.springframework.web.servlet.mvc.method.AbstractHandlerMethodAdapter.handle(AbstractHandlerMethodAdapter.java:87) ~[spring-webmvc-6.1.6.jar:6.1.6]
	at org.springframework.web.servlet.DispatcherServlet.doDispatch(DispatcherServlet.java:1089) ~[spring-webmvc-6.1.6.jar:6.1.6]
	at org.springframework.web.servlet.DispatcherServlet.doService(DispatcherServlet.java:979) ~[spring-webmvc-6.1.6.jar:6.1.6]
	at org.springframework.web.servlet.FrameworkServlet.processRequest(FrameworkServlet.java:1014) ~[spring-webmvc-6.1.6.jar:6.1.6]
	at org.springframework.web.servlet.FrameworkServlet.doPost(FrameworkServlet.java:914) ~[spring-webmvc-6.1.6.jar:6.1.6]
	at jakarta.servlet.http.HttpServlet.service(HttpServlet.java:590) ~[tomcat-embed-core-10.1.20.jar:6.0]
	at org.springframework.web.servlet.FrameworkServlet.service(FrameworkServlet.java:885) ~[spring-webmvc-6.1.6.jar:6.1.6]
	at jakarta.servlet.http.HttpServlet.service(HttpServlet.java:658) ~[tomcat-embed-core-10.1.20.jar:6.0]
	at org.apache.catalina.core.ApplicationFilterChain.internalDoFilter(ApplicationFilterChain.java:206) ~[tomcat-embed-core-10.1.20.jar:10.1.20]
	at org.apache.catalina.core.ApplicationFilterChain.doFilter(ApplicationFilterChain.java:150) ~[tomcat-embed-core-10.1.20.jar:10.1.20]
	at org.apache.tomcat.websocket.server.WsFilter.doFilter(WsFilter.java:51) ~[tomcat-embed-websocket-10.1.20.jar:10.1.20]
	at org.apache.catalina.core.ApplicationFilterChain.internalDoFilter(ApplicationFilterChain.java:175) ~[tomcat-embed-core-10.1.20.jar:10.1.20]
	at org.apache.catalina.core.ApplicationFilterChain.doFilter(ApplicationFilterChain.java:150) ~[tomcat-embed-core-10.1.20.jar:10.1.20]
	at org.springframework.web.filter.RequestContextFilter.doFilterInternal(RequestContextFilter.java:100) ~[spring-web-6.1.6.jar:6.1.6]
	at org.springframework.web.filter.OncePerRequestFilter.doFilter(OncePerRequestFilter.java:116) ~[spring-web-6.1.6.jar:6.1.6]
	at org.apache.catalina.core.ApplicationFilterChain.internalDoFilter(ApplicationFilterChain.java:175) ~[tomcat-embed-core-10.1.20.jar:10.1.20]
	at org.apache.catalina.core.ApplicationFilterChain.doFilter(ApplicationFilterChain.java:150) ~[tomcat-embed-core-10.1.20.jar:10.1.20]
	at org.springframework.web.filter.FormContentFilter.doFilterInternal(FormContentFilter.java:93) ~[spring-web-6.1.6.jar:6.1.6]
	at org.springframework.web.filter.OncePerRequestFilter.doFilter(OncePerRequestFilter.java:116) ~[spring-web-6.1.6.jar:6.1.6]
	at org.apache.catalina.core.ApplicationFilterChain.internalDoFilter(ApplicationFilterChain.java:175) ~[tomcat-embed-core-10.1.20.jar:10.1.20]
	at org.apache.catalina.core.ApplicationFilterChain.doFilter(ApplicationFilterChain.java:150) ~[tomcat-embed-core-10.1.20.jar:10.1.20]
	at org.springframework.web.filter.CharacterEncodingFilter.doFilterInternal(CharacterEncodingFilter.java:201) ~[spring-web-6.1.6.jar:6.1.6]
	at org.springframework.web.filter.OncePerRequestFilter.doFilter(OncePerRequestFilter.java:116) ~[spring-web-6.1.6.jar:6.1.6]
	at org.apache.catalina.core.ApplicationFilterChain.internalDoFilter(ApplicationFilterChain.java:175) ~[tomcat-embed-core-10.1.20.jar:10.1.20]
	at org.apache.catalina.core.ApplicationFilterChain.doFilter(ApplicationFilterChain.java:150) ~[tomcat-embed-core-10.1.20.jar:10.1.20]
	at org.apache.catalina.core.StandardWrapperValve.invoke(StandardWrapperValve.java:167) ~[tomcat-embed-core-10.1.20.jar:10.1.20]
	at org.apache.catalina.core.StandardContextValve.invoke(StandardContextValve.java:90) ~[tomcat-embed-core-10.1.20.jar:10.1.20]
	at org.apache.catalina.authenticator.AuthenticatorBase.invoke(AuthenticatorBase.java:482) ~[tomcat-embed-core-10.1.20.jar:10.1.20]
	at org.apache.catalina.core.StandardHostValve.invoke(StandardHostValve.java:115) ~[tomcat-embed-core-10.1.20.jar:10.1.20]
	at org.apache.catalina.valves.ErrorReportValve.invoke(ErrorReportValve.java:93) ~[tomcat-embed-core-10.1.20.jar:10.1.20]
	at org.apache.catalina.core.StandardEngineValve.invoke(StandardEngineValve.java:74) ~[tomcat-embed-core-10.1.20.jar:10.1.20]
	at org.apache.catalina.connector.CoyoteAdapter.service(CoyoteAdapter.java:344) ~[tomcat-embed-core-10.1.20.jar:10.1.20]
	at org.apache.coyote.http11.Http11Processor.service(Http11Processor.java:391) ~[tomcat-embed-core-10.1.20.jar:10.1.20]
	at org.apache.coyote.AbstractProcessorLight.process(AbstractProcessorLight.java:63) ~[tomcat-embed-core-10.1.20.jar:10.1.20]
	at org.apache.coyote.AbstractProtocol$ConnectionHandler.process(AbstractProtocol.java:896) ~[tomcat-embed-core-10.1.20.jar:10.1.20]
	at org.apache.tomcat.util.net.NioEndpoint$SocketProcessor.doRun(NioEndpoint.java:1736) ~[tomcat-embed-core-10.1.20.jar:10.1.20]
	at org.apache.tomcat.util.net.SocketProcessorBase.run(SocketProcessorBase.java:52) ~[tomcat-embed-core-10.1.20.jar:10.1.20]
	at org.apache.tomcat.util.threads.ThreadPoolExecutor.runWorker(ThreadPoolExecutor.java:1191) ~[tomcat-embed-core-10.1.20.jar:10.1.20]
	at org.apache.tomcat.util.threads.ThreadPoolExecutor$Worker.run(ThreadPoolExecutor.java:659) ~[tomcat-embed-core-10.1.20.jar:10.1.20]
	at org.apache.tomcat.util.threads.TaskThread$WrappingRunnable.run(TaskThread.java:63) ~[tomcat-embed-core-10.1.20.jar:10.1.20]
	at java.base/java.lang.Thread.run(Thread.java:842) ~[na:na]
Caused by: com.mysql.cj.jdbc.exceptions.MysqlDataTruncation: Data truncation: Invalid JSON text: "Invalid value." at position 1 in value for column 'dim_ai_model_item.spel_temp'.
	at com.mysql.cj.jdbc.exceptions.SQLExceptionsMapping.translateException(SQLExceptionsMapping.java:95) ~[mysql-connector-j-8.4.0.jar:8.4.0]
	at com.mysql.cj.jdbc.ClientPreparedStatement.executeInternal(ClientPreparedStatement.java:938) ~[mysql-connector-j-8.4.0.jar:8.4.0]
	at com.mysql.cj.jdbc.ClientPreparedStatement.execute(ClientPreparedStatement.java:359) ~[mysql-connector-j-8.4.0.jar:8.4.0]
	at com.zaxxer.hikari.pool.ProxyPreparedStatement.execute(ProxyPreparedStatement.java:44) ~[HikariCP-5.0.1.jar:na]
	at com.zaxxer.hikari.pool.HikariProxyPreparedStatement.execute(HikariProxyPreparedStatement.java) ~[HikariCP-5.0.1.jar:na]
	at java.base/jdk.internal.reflect.NativeMethodAccessorImpl.invoke0(Native Method) ~[na:na]
	at java.base/jdk.internal.reflect.NativeMethodAccessorImpl.invoke(NativeMethodAccessorImpl.java:77) ~[na:na]
	at java.base/jdk.internal.reflect.DelegatingMethodAccessorImpl.invoke(DelegatingMethodAccessorImpl.java:43) ~[na:na]
	at java.base/java.lang.reflect.Method.invoke(Method.java:568) ~[na:na]
	at org.apache.ibatis.logging.jdbc.PreparedStatementLogger.invoke(PreparedStatementLogger.java:58) ~[mybatis-3.5.19.jar:3.5.19]
	at jdk.proxy3/jdk.proxy3.$Proxy94.execute(Unknown Source) ~[na:na]
	at org.apache.ibatis.executor.statement.PreparedStatementHandler.update(PreparedStatementHandler.java:48) ~[mybatis-3.5.19.jar:3.5.19]
	at org.apache.ibatis.executor.statement.RoutingStatementHandler.update(RoutingStatementHandler.java:75) ~[mybatis-3.5.19.jar:3.5.19]
	at java.base/jdk.internal.reflect.NativeMethodAccessorImpl.invoke0(Native Method) ~[na:na]
	at java.base/jdk.internal.reflect.NativeMethodAccessorImpl.invoke(NativeMethodAccessorImpl.java:77) ~[na:na]
	at java.base/jdk.internal.reflect.DelegatingMethodAccessorImpl.invoke(DelegatingMethodAccessorImpl.java:43) ~[na:na]
	at java.base/java.lang.reflect.Method.invoke(Method.java:568) ~[na:na]
	at org.apache.ibatis.plugin.Plugin.invoke(Plugin.java:61) ~[mybatis-3.5.19.jar:3.5.19]
	at jdk.proxy2/jdk.proxy2.$Proxy92.update(Unknown Source) ~[na:na]
	at org.apache.ibatis.executor.SimpleExecutor.doUpdate(SimpleExecutor.java:50) ~[mybatis-3.5.19.jar:3.5.19]
	at org.apache.ibatis.executor.BaseExecutor.update(BaseExecutor.java:117) ~[mybatis-3.5.19.jar:3.5.19]
	at java.base/jdk.internal.reflect.NativeMethodAccessorImpl.invoke0(Native Method) ~[na:na]
	at java.base/jdk.internal.reflect.NativeMethodAccessorImpl.invoke(NativeMethodAccessorImpl.java:77) ~[na:na]
	at java.base/jdk.internal.reflect.DelegatingMethodAccessorImpl.invoke(DelegatingMethodAccessorImpl.java:43) ~[na:na]
	at java.base/java.lang.reflect.Method.invoke(Method.java:568) ~[na:na]
	at org.apache.ibatis.plugin.Invocation.proceed(Invocation.java:61) ~[mybatis-3.5.19.jar:3.5.19]
	at com.baomidou.mybatisplus.extension.plugins.MybatisPlusInterceptor.intercept(MybatisPlusInterceptor.java:106) ~[mybatis-plus-extension-3.5.15.jar:3.5.15]
	at org.apache.ibatis.plugin.Plugin.invoke(Plugin.java:59) ~[mybatis-3.5.19.jar:3.5.19]
	at jdk.proxy2/jdk.proxy2.$Proxy91.update(Unknown Source) ~[na:na]
	at org.apache.ibatis.session.defaults.DefaultSqlSession.update(DefaultSqlSession.java:197) ~[mybatis-3.5.19.jar:3.5.19]
	at org.apache.ibatis.session.defaults.DefaultSqlSession.insert(DefaultSqlSession.java:184) ~[mybatis-3.5.19.jar:3.5.19]
	at java.base/jdk.internal.reflect.NativeMethodAccessorImpl.invoke0(Native Method) ~[na:na]
	at java.base/jdk.internal.reflect.NativeMethodAccessorImpl.invoke(NativeMethodAccessorImpl.java:77) ~[na:na]
	at java.base/jdk.internal.reflect.DelegatingMethodAccessorImpl.invoke(DelegatingMethodAccessorImpl.java:43) ~[na:na]
	at java.base/java.lang.reflect.Method.invoke(Method.java:568) ~[na:na]
	at org.mybatis.spring.SqlSessionTemplate$SqlSessionInterceptor.invoke(SqlSessionTemplate.java:333) ~[mybatis-spring-3.0.5.jar:3.0.5]
	... 68 common frames omitted

2025-12-15T00:52:20.873+08:00 ERROR 5145 --- [ai-model-call] [http-nio-40000-exec-5] c.s.a.controller.ReverseParseController  : 保存配置失败

java.lang.RuntimeException: 保存配置失败: 
### Error updating database.  Cause: com.mysql.cj.jdbc.exceptions.MysqlDataTruncation: Data truncation: Invalid JSON text: "Invalid value." at position 1 in value for column 'dim_ai_model_item.spel_temp'.
### The error may exist in com/scccy/aimodel/dao/mapper/DimAiModelItemMapper.java (best guess)
### The error may involve com.scccy.aimodel.dao.mapper.DimAiModelItemMapper.insert-Inline
### The error occurred while setting parameters
### SQL: INSERT INTO dim_ai_model_item  ( id, model_name, item_type, item_key, category, node, post_param, spel_temp,  value_object,   sort_order, created_by, created_time, updated_by, updated_time, del_flag )  VALUES (  ?, ?, ?, ?, ?, ?, ?, ?,  ?,   ?, ?, ?, ?, ?, ?  )
### Cause: com.mysql.cj.jdbc.exceptions.MysqlDataTruncation: Data truncation: Invalid JSON text: "Invalid value." at position 1 in value for column 'dim_ai_model_item.spel_temp'.
; Data truncation: Invalid JSON text: "Invalid value." at position 1 in value for column 'dim_ai_model_item.spel_temp'.
	at com.scccy.aimodel.service.impl.ReverseParseServiceImpl.saveConfig(ReverseParseServiceImpl.java:88) ~[classes/:na]
	at com.scccy.aimodel.controller.ReverseParseController.saveConfig(ReverseParseController.java:57) ~[classes/:na]
	at java.base/jdk.internal.reflect.NativeMethodAccessorImpl.invoke0(Native Method) ~[na:na]
	at java.base/jdk.internal.reflect.NativeMethodAccessorImpl.invoke(NativeMethodAccessorImpl.java:77) ~[na:na]
	at java.base/jdk.internal.reflect.DelegatingMethodAccessorImpl.invoke(DelegatingMethodAccessorImpl.java:43) ~[na:na]
	at java.base/java.lang.reflect.Method.invoke(Method.java:568) ~[na:na]
	at org.springframework.web.method.support.InvocableHandlerMethod.doInvoke(InvocableHandlerMethod.java:255) ~[spring-web-6.1.6.jar:6.1.6]
	at org.springframework.web.method.support.InvocableHandlerMethod.invokeForRequest(InvocableHandlerMethod.java:188) ~[spring-web-6.1.6.jar:6.1.6]
	at org.springframework.web.servlet.mvc.method.annotation.ServletInvocableHandlerMethod.invokeAndHandle(ServletInvocableHandlerMethod.java:118) ~[spring-webmvc-6.1.6.jar:6.1.6]
	at org.springframework.web.servlet.mvc.method.annotation.RequestMappingHandlerAdapter.invokeHandlerMethod(RequestMappingHandlerAdapter.java:926) ~[spring-webmvc-6.1.6.jar:6.1.6]
	at org.springframework.web.servlet.mvc.method.annotation.RequestMappingHandlerAdapter.handleInternal(RequestMappingHandlerAdapter.java:831) ~[spring-webmvc-6.1.6.jar:6.1.6]
	at org.springframework.web.servlet.mvc.method.AbstractHandlerMethodAdapter.handle(AbstractHandlerMethodAdapter.java:87) ~[spring-webmvc-6.1.6.jar:6.1.6]
	at org.springframework.web.servlet.DispatcherServlet.doDispatch(DispatcherServlet.java:1089) ~[spring-webmvc-6.1.6.jar:6.1.6]
	at org.springframework.web.servlet.DispatcherServlet.doService(DispatcherServlet.java:979) ~[spring-webmvc-6.1.6.jar:6.1.6]
	at org.springframework.web.servlet.FrameworkServlet.processRequest(FrameworkServlet.java:1014) ~[spring-webmvc-6.1.6.jar:6.1.6]
	at org.springframework.web.servlet.FrameworkServlet.doPost(FrameworkServlet.java:914) ~[spring-webmvc-6.1.6.jar:6.1.6]
	at jakarta.servlet.http.HttpServlet.service(HttpServlet.java:590) ~[tomcat-embed-core-10.1.20.jar:6.0]
	at org.springframework.web.servlet.FrameworkServlet.service(FrameworkServlet.java:885) ~[spring-webmvc-6.1.6.jar:6.1.6]
	at jakarta.servlet.http.HttpServlet.service(HttpServlet.java:658) ~[tomcat-embed-core-10.1.20.jar:6.0]
	at org.apache.catalina.core.ApplicationFilterChain.internalDoFilter(ApplicationFilterChain.java:206) ~[tomcat-embed-core-10.1.20.jar:10.1.20]
	at org.apache.catalina.core.ApplicationFilterChain.doFilter(ApplicationFilterChain.java:150) ~[tomcat-embed-core-10.1.20.jar:10.1.20]
	at org.apache.tomcat.websocket.server.WsFilter.doFilter(WsFilter.java:51) ~[tomcat-embed-websocket-10.1.20.jar:10.1.20]
	at org.apache.catalina.core.ApplicationFilterChain.internalDoFilter(ApplicationFilterChain.java:175) ~[tomcat-embed-core-10.1.20.jar:10.1.20]
	at org.apache.catalina.core.ApplicationFilterChain.doFilter(ApplicationFilterChain.java:150) ~[tomcat-embed-core-10.1.20.jar:10.1.20]
	at org.springframework.web.filter.RequestContextFilter.doFilterInternal(RequestContextFilter.java:100) ~[spring-web-6.1.6.jar:6.1.6]
	at org.springframework.web.filter.OncePerRequestFilter.doFilter(OncePerRequestFilter.java:116) ~[spring-web-6.1.6.jar:6.1.6]
	at org.apache.catalina.core.ApplicationFilterChain.internalDoFilter(ApplicationFilterChain.java:175) ~[tomcat-embed-core-10.1.20.jar:10.1.20]
	at org.apache.catalina.core.ApplicationFilterChain.doFilter(ApplicationFilterChain.java:150) ~[tomcat-embed-core-10.1.20.jar:10.1.20]
	at org.springframework.web.filter.FormContentFilter.doFilterInternal(FormContentFilter.java:93) ~[spring-web-6.1.6.jar:6.1.6]
	at org.springframework.web.filter.OncePerRequestFilter.doFilter(OncePerRequestFilter.java:116) ~[spring-web-6.1.6.jar:6.1.6]
	at org.apache.catalina.core.ApplicationFilterChain.internalDoFilter(ApplicationFilterChain.java:175) ~[tomcat-embed-core-10.1.20.jar:10.1.20]
	at org.apache.catalina.core.ApplicationFilterChain.doFilter(ApplicationFilterChain.java:150) ~[tomcat-embed-core-10.1.20.jar:10.1.20]
	at org.springframework.web.filter.CharacterEncodingFilter.doFilterInternal(CharacterEncodingFilter.java:201) ~[spring-web-6.1.6.jar:6.1.6]
	at org.springframework.web.filter.OncePerRequestFilter.doFilter(OncePerRequestFilter.java:116) ~[spring-web-6.1.6.jar:6.1.6]
	at org.apache.catalina.core.ApplicationFilterChain.internalDoFilter(ApplicationFilterChain.java:175) ~[tomcat-embed-core-10.1.20.jar:10.1.20]
	at org.apache.catalina.core.ApplicationFilterChain.doFilter(ApplicationFilterChain.java:150) ~[tomcat-embed-core-10.1.20.jar:10.1.20]
	at org.apache.catalina.core.StandardWrapperValve.invoke(StandardWrapperValve.java:167) ~[tomcat-embed-core-10.1.20.jar:10.1.20]
	at org.apache.catalina.core.StandardContextValve.invoke(StandardContextValve.java:90) ~[tomcat-embed-core-10.1.20.jar:10.1.20]
	at org.apache.catalina.authenticator.AuthenticatorBase.invoke(AuthenticatorBase.java:482) ~[tomcat-embed-core-10.1.20.jar:10.1.20]
	at org.apache.catalina.core.StandardHostValve.invoke(StandardHostValve.java:115) ~[tomcat-embed-core-10.1.20.jar:10.1.20]
	at org.apache.catalina.valves.ErrorReportValve.invoke(ErrorReportValve.java:93) ~[tomcat-embed-core-10.1.20.jar:10.1.20]
	at org.apache.catalina.core.StandardEngineValve.invoke(StandardEngineValve.java:74) ~[tomcat-embed-core-10.1.20.jar:10.1.20]
	at org.apache.catalina.connector.CoyoteAdapter.service(CoyoteAdapter.java:344) ~[tomcat-embed-core-10.1.20.jar:10.1.20]
	at org.apache.coyote.http11.Http11Processor.service(Http11Processor.java:391) ~[tomcat-embed-core-10.1.20.jar:10.1.20]
	at org.apache.coyote.AbstractProcessorLight.process(AbstractProcessorLight.java:63) ~[tomcat-embed-core-10.1.20.jar:10.1.20]
	at org.apache.coyote.AbstractProtocol$ConnectionHandler.process(AbstractProtocol.java:896) ~[tomcat-embed-core-10.1.20.jar:10.1.20]
	at org.apache.tomcat.util.net.NioEndpoint$SocketProcessor.doRun(NioEndpoint.java:1736) ~[tomcat-embed-core-10.1.20.jar:10.1.20]
	at org.apache.tomcat.util.net.SocketProcessorBase.run(SocketProcessorBase.java:52) ~[tomcat-embed-core-10.1.20.jar:10.1.20]
	at org.apache.tomcat.util.threads.ThreadPoolExecutor.runWorker(ThreadPoolExecutor.java:1191) ~[tomcat-embed-core-10.1.20.jar:10.1.20]
	at org.apache.tomcat.util.threads.ThreadPoolExecutor$Worker.run(ThreadPoolExecutor.java:659) ~[tomcat-embed-core-10.1.20.jar:10.1.20]
	at org.apache.tomcat.util.threads.TaskThread$WrappingRunnable.run(TaskThread.java:63) ~[tomcat-embed-core-10.1.20.jar:10.1.20]
	at java.base/java.lang.Thread.run(Thread.java:842) ~[na:na]
Caused by: org.springframework.dao.DataIntegrityViolationException: 
### Error updating database.  Cause: com.mysql.cj.jdbc.exceptions.MysqlDataTruncation: Data truncation: Invalid JSON text: "Invalid value." at position 1 in value for column 'dim_ai_model_item.spel_temp'.
### The error may exist in com/scccy/aimodel/dao/mapper/DimAiModelItemMapper.java (best guess)
### The error may involve com.scccy.aimodel.dao.mapper.DimAiModelItemMapper.insert-Inline
### The error occurred while setting parameters
### SQL: INSERT INTO dim_ai_model_item  ( id, model_name, item_type, item_key, category, node, post_param, spel_temp,  value_object,   sort_order, created_by, created_time, updated_by, updated_time, del_flag )  VALUES (  ?, ?, ?, ?, ?, ?, ?, ?,  ?,   ?, ?, ?, ?, ?, ?  )
### Cause: com.mysql.cj.jdbc.exceptions.MysqlDataTruncation: Data truncation: Invalid JSON text: "Invalid value." at position 1 in value for column 'dim_ai_model_item.spel_temp'.
; Data truncation: Invalid JSON text: "Invalid value." at position 1 in value for column 'dim_ai_model_item.spel_temp'.
	at org.springframework.jdbc.support.SQLStateSQLExceptionTranslator.doTranslate(SQLStateSQLExceptionTranslator.java:118) ~[spring-jdbc-6.1.6.jar:6.1.6]
	at org.springframework.jdbc.support.AbstractFallbackSQLExceptionTranslator.translate(AbstractFallbackSQLExceptionTranslator.java:107) ~[spring-jdbc-6.1.6.jar:6.1.6]
	at org.springframework.jdbc.support.AbstractFallbackSQLExceptionTranslator.translate(AbstractFallbackSQLExceptionTranslator.java:116) ~[spring-jdbc-6.1.6.jar:6.1.6]
	at org.springframework.jdbc.support.AbstractFallbackSQLExceptionTranslator.translate(AbstractFallbackSQLExceptionTranslator.java:116) ~[spring-jdbc-6.1.6.jar:6.1.6]
	at org.mybatis.spring.MyBatisExceptionTranslator.translateExceptionIfPossible(MyBatisExceptionTranslator.java:95) ~[mybatis-spring-3.0.5.jar:3.0.5]
	at org.mybatis.spring.SqlSessionTemplate$SqlSessionInterceptor.invoke(SqlSessionTemplate.java:347) ~[mybatis-spring-3.0.5.jar:3.0.5]
	at jdk.proxy2/jdk.proxy2.$Proxy78.insert(Unknown Source) ~[na:na]
	at org.mybatis.spring.SqlSessionTemplate.insert(SqlSessionTemplate.java:224) ~[mybatis-spring-3.0.5.jar:3.0.5]
	at com.baomidou.mybatisplus.core.override.MybatisMapperMethod.execute(MybatisMapperMethod.java:59) ~[mybatis-plus-core-3.5.15.jar:3.5.15]
	at com.baomidou.mybatisplus.core.override.MybatisMapperProxy$PlainMethodInvoker.invoke(MybatisMapperProxy.java:156) ~[mybatis-plus-core-3.5.15.jar:3.5.15]
	at com.baomidou.mybatisplus.core.override.MybatisMapperProxy.invoke(MybatisMapperProxy.java:93) ~[mybatis-plus-core-3.5.15.jar:3.5.15]
	at jdk.proxy2/jdk.proxy2.$Proxy79.insert(Unknown Source) ~[na:na]
	at com.baomidou.mybatisplus.extension.repository.IRepository.save(IRepository.java:37) ~[mybatis-plus-extension-3.5.15.jar:3.5.15]
	at java.base/jdk.internal.reflect.NativeMethodAccessorImpl.invoke0(Native Method) ~[na:na]
	at java.base/jdk.internal.reflect.NativeMethodAccessorImpl.invoke(NativeMethodAccessorImpl.java:77) ~[na:na]
	at java.base/jdk.internal.reflect.DelegatingMethodAccessorImpl.invoke(DelegatingMethodAccessorImpl.java:43) ~[na:na]
	at java.base/java.lang.reflect.Method.invoke(Method.java:568) ~[na:na]
	at org.springframework.aop.support.AopUtils.invokeJoinpointUsingReflection(AopUtils.java:354) ~[spring-aop-6.1.6.jar:6.1.6]
	at org.springframework.aop.framework.CglibAopProxy$DynamicAdvisedInterceptor.intercept(CglibAopProxy.java:716) ~[spring-aop-6.1.6.jar:6.1.6]
	at com.scccy.aimodel.dao.service.impl.DimAiModelItemMpServiceImpl$$SpringCGLIB$$0.save(<generated>) ~[classes/:na]
	at com.scccy.aimodel.service.impl.ReverseParseServiceImpl.saveOneItem(ReverseParseServiceImpl.java:138) ~[classes/:na]
	at com.scccy.aimodel.service.impl.ReverseParseServiceImpl.saveConfigItems(ReverseParseServiceImpl.java:102) ~[classes/:na]
	at com.scccy.aimodel.service.impl.ReverseParseServiceImpl.saveConfig(ReverseParseServiceImpl.java:82) ~[classes/:na]
	... 51 common frames omitted
Caused by: com.mysql.cj.jdbc.exceptions.MysqlDataTruncation: Data truncation: Invalid JSON text: "Invalid value." at position 1 in value for column 'dim_ai_model_item.spel_temp'.
	at com.mysql.cj.jdbc.exceptions.SQLExceptionsMapping.translateException(SQLExceptionsMapping.java:95) ~[mysql-connector-j-8.4.0.jar:8.4.0]
	at com.mysql.cj.jdbc.ClientPreparedStatement.executeInternal(ClientPreparedStatement.java:938) ~[mysql-connector-j-8.4.0.jar:8.4.0]
	at com.mysql.cj.jdbc.ClientPreparedStatement.execute(ClientPreparedStatement.java:359) ~[mysql-connector-j-8.4.0.jar:8.4.0]
	at com.zaxxer.hikari.pool.ProxyPreparedStatement.execute(ProxyPreparedStatement.java:44) ~[HikariCP-5.0.1.jar:na]
	at com.zaxxer.hikari.pool.HikariProxyPreparedStatement.execute(HikariProxyPreparedStatement.java) ~[HikariCP-5.0.1.jar:na]
	at java.base/jdk.internal.reflect.NativeMethodAccessorImpl.invoke0(Native Method) ~[na:na]
	at java.base/jdk.internal.reflect.NativeMethodAccessorImpl.invoke(NativeMethodAccessorImpl.java:77) ~[na:na]
	at java.base/jdk.internal.reflect.DelegatingMethodAccessorImpl.invoke(DelegatingMethodAccessorImpl.java:43) ~[na:na]
	at java.base/java.lang.reflect.Method.invoke(Method.java:568) ~[na:na]
	at org.apache.ibatis.logging.jdbc.PreparedStatementLogger.invoke(PreparedStatementLogger.java:58) ~[mybatis-3.5.19.jar:3.5.19]
	at jdk.proxy3/jdk.proxy3.$Proxy94.execute(Unknown Source) ~[na:na]
	at org.apache.ibatis.executor.statement.PreparedStatementHandler.update(PreparedStatementHandler.java:48) ~[mybatis-3.5.19.jar:3.5.19]
	at org.apache.ibatis.executor.statement.RoutingStatementHandler.update(RoutingStatementHandler.java:75) ~[mybatis-3.5.19.jar:3.5.19]
	at java.base/jdk.internal.reflect.NativeMethodAccessorImpl.invoke0(Native Method) ~[na:na]
	at java.base/jdk.internal.reflect.NativeMethodAccessorImpl.invoke(NativeMethodAccessorImpl.java:77) ~[na:na]
	at java.base/jdk.internal.reflect.DelegatingMethodAccessorImpl.invoke(DelegatingMethodAccessorImpl.java:43) ~[na:na]
	at java.base/java.lang.reflect.Method.invoke(Method.java:568) ~[na:na]
	at org.apache.ibatis.plugin.Plugin.invoke(Plugin.java:61) ~[mybatis-3.5.19.jar:3.5.19]
	at jdk.proxy2/jdk.proxy2.$Proxy92.update(Unknown Source) ~[na:na]
	at org.apache.ibatis.executor.SimpleExecutor.doUpdate(SimpleExecutor.java:50) ~[mybatis-3.5.19.jar:3.5.19]
	at org.apache.ibatis.executor.BaseExecutor.update(BaseExecutor.java:117) ~[mybatis-3.5.19.jar:3.5.19]
	at java.base/jdk.internal.reflect.NativeMethodAccessorImpl.invoke0(Native Method) ~[na:na]
	at java.base/jdk.internal.reflect.NativeMethodAccessorImpl.invoke(NativeMethodAccessorImpl.java:77) ~[na:na]
	at java.base/jdk.internal.reflect.DelegatingMethodAccessorImpl.invoke(DelegatingMethodAccessorImpl.java:43) ~[na:na]
	at java.base/java.lang.reflect.Method.invoke(Method.java:568) ~[na:na]
	at org.apache.ibatis.plugin.Invocation.proceed(Invocation.java:61) ~[mybatis-3.5.19.jar:3.5.19]
	at com.baomidou.mybatisplus.extension.plugins.MybatisPlusInterceptor.intercept(MybatisPlusInterceptor.java:106) ~[mybatis-plus-extension-3.5.15.jar:3.5.15]
	at org.apache.ibatis.plugin.Plugin.invoke(Plugin.java:59) ~[mybatis-3.5.19.jar:3.5.19]
	at jdk.proxy2/jdk.proxy2.$Proxy91.update(Unknown Source) ~[na:na]
	at org.apache.ibatis.session.defaults.DefaultSqlSession.update(DefaultSqlSession.java:197) ~[mybatis-3.5.19.jar:3.5.19]
	at org.apache.ibatis.session.defaults.DefaultSqlSession.insert(DefaultSqlSession.java:184) ~[mybatis-3.5.19.jar:3.5.19]
	at java.base/jdk.internal.reflect.NativeMethodAccessorImpl.invoke0(Native Method) ~[na:na]
	at java.base/jdk.internal.reflect.NativeMethodAccessorImpl.invoke(NativeMethodAccessorImpl.java:77) ~[na:na]
	at java.base/jdk.internal.reflect.DelegatingMethodAccessorImpl.invoke(DelegatingMethodAccessorImpl.java:43) ~[na:na]
	at java.base/java.lang.reflect.Method.invoke(Method.java:568) ~[na:na]
	at org.mybatis.spring.SqlSessionTemplate$SqlSessionInterceptor.invoke(SqlSessionTemplate.java:333) ~[mybatis-spring-3.0.5.jar:3.0.5]
	... 68 common frames omitted

2025-12-15T00:52:45.676+08:00  INFO 5145 --- [ai-model-call] [http-nio-40000-exec-4] c.s.a.s.impl.ReverseParseServiceImpl     : 物理删除模型 chat3 的旧配置项，共删除 3 条记录
2025-12-15T00:54:14.368+08:00  INFO 5145 --- [ai-model-call] [SpringApplicationShutdownHook] com.zaxxer.hikari.HikariDataSource       : HikariCP - Shutdown initiated...
2025-12-15T00:54:14.381+08:00  INFO 5145 --- [ai-model-call] [SpringApplicationShutdownHook] com.zaxxer.hikari.HikariDataSource       : HikariCP - Shutdown completed.
2025-12-15T00:54:16.614+08:00  INFO 7826 --- [ai-model-call] [main] c.scccy.aimodel.AiModelCallApplication   : Starting AiModelCallApplication using Java 17.0.16 with PID 7826 (/Volumes/project/github/ai/target/classes started by shici in /Volumes/project/github/ai)
2025-12-15T00:54:16.615+08:00  INFO 7826 --- [ai-model-call] [main] c.scccy.aimodel.AiModelCallApplication   : No active profile set, falling back to 1 default profile: "default"
2025-12-15T00:54:16.879+08:00  INFO 7826 --- [ai-model-call] [main] .s.a.c.BeanDefinitionDiagnosticProcessor : ============== 开始诊断 BeanDefinition ==============
2025-12-15T00:54:16.880+08:00  INFO 7826 --- [ai-model-call] [main] .s.a.c.BeanDefinitionDiagnosticProcessor : ✓ 未发现 factoryBeanObjectType 类型异常的 Bean
2025-12-15T00:54:16.880+08:00  INFO 7826 --- [ai-model-call] [main] .s.a.c.BeanDefinitionDiagnosticProcessor : ============== 诊断完成 ==============
2025-12-15T00:54:16.992+08:00  INFO 7826 --- [ai-model-call] [main] o.s.b.w.embedded.tomcat.TomcatWebServer  : Tomcat initialized with port 40000 (http)
2025-12-15T00:54:16.997+08:00  INFO 7826 --- [ai-model-call] [main] o.apache.catalina.core.StandardService   : Starting service [Tomcat]
2025-12-15T00:54:16.997+08:00  INFO 7826 --- [ai-model-call] [main] o.apache.catalina.core.StandardEngine    : Starting Servlet engine: [Apache Tomcat/10.1.20]
2025-12-15T00:54:17.017+08:00  INFO 7826 --- [ai-model-call] [main] o.a.c.c.C.[Tomcat].[localhost].[/]       : Initializing Spring embedded WebApplicationContext
2025-12-15T00:54:17.018+08:00  INFO 7826 --- [ai-model-call] [main] w.s.c.ServletWebServerApplicationContext : Root WebApplicationContext: initialization completed in 385 ms
2025-12-15T00:54:17.218+08:00  WARN 7826 --- [ai-model-call] [main] c.b.m.core.injector.DefaultSqlInjector   : class com.scccy.aimodel.domain.mp.DimDictionaryMappingMp ,Not found @TableId annotation, Cannot use Mybatis-Plus 'xxById' Method.
2025-12-15T00:54:17.422+08:00  INFO 7826 --- [ai-model-call] [main] m.e.s.MybatisPlusApplicationContextAware : Register ApplicationContext instances org.springframework.boot.web.servlet.context.AnnotationConfigServletWebServerApplicationContext@4de41af9
2025-12-15T00:54:17.454+08:00  INFO 7826 --- [ai-model-call] [main] o.s.b.w.embedded.tomcat.TomcatWebServer  : Tomcat started on port 40000 (http) with context path ''
2025-12-15T00:54:17.457+08:00  INFO 7826 --- [ai-model-call] [main] c.scccy.aimodel.AiModelCallApplication   : Started AiModelCallApplication in 1.014 seconds (process running for 1.483)
2025-12-15T00:56:14.424+08:00  INFO 7826 --- [ai-model-call] [http-nio-40000-exec-1] o.a.c.c.C.[Tomcat].[localhost].[/]       : Initializing Spring DispatcherServlet 'dispatcherServlet'
2025-12-15T00:56:14.424+08:00  INFO 7826 --- [ai-model-call] [http-nio-40000-exec-1] o.s.web.servlet.DispatcherServlet        : Initializing Servlet 'dispatcherServlet'
2025-12-15T00:56:14.427+08:00  INFO 7826 --- [ai-model-call] [http-nio-40000-exec-1] o.s.web.servlet.DispatcherServlet        : Completed initialization in 2 ms
2025-12-15T00:56:14.497+08:00  INFO 7826 --- [ai-model-call] [http-nio-40000-exec-1] com.zaxxer.hikari.HikariDataSource       : HikariCP - Starting...
2025-12-15T00:56:14.589+08:00  INFO 7826 --- [ai-model-call] [http-nio-40000-exec-1] com.zaxxer.hikari.pool.HikariPool        : HikariCP - Added connection com.mysql.cj.jdbc.ConnectionImpl@5900b34f
2025-12-15T00:56:14.590+08:00  INFO 7826 --- [ai-model-call] [http-nio-40000-exec-1] com.zaxxer.hikari.HikariDataSource       : HikariCP - Start completed.
2025-12-15T00:57:34.401+08:00  INFO 7826 --- [ai-model-call] [http-nio-40000-exec-3] c.s.a.s.impl.DictionaryServiceImpl       : 获取字典查询选项成功，模型名称: 3 个，Key: 22 个，Post Param: 13 个
2025-12-15T00:57:35.491+08:00  INFO 7826 --- [ai-model-call] [http-nio-40000-exec-4] c.s.a.s.impl.DictionaryServiceImpl       : 查询字典映射成功，共 28 条记录，当前第 1 页，每页 10 条
2025-12-15T00:57:36.347+08:00  INFO 7826 --- [ai-model-call] [http-nio-40000-exec-5] c.s.a.s.impl.DictionaryServiceImpl       : 获取 Item 详情成功，itemId: 2000223856813105154
2025-12-15T00:57:42.029+08:00  INFO 7826 --- [ai-model-call] [http-nio-40000-exec-6] c.s.a.s.impl.DictionaryServiceImpl       : 查询字典映射成功，共 8 条记录，当前第 1 页，每页 10 条
2025-12-15T00:57:57.191+08:00  INFO 7826 --- [ai-model-call] [http-nio-40000-exec-7] c.s.a.s.impl.DictionaryServiceImpl       : 查询字典映射成功，共 6 条记录，当前第 1 页，每页 10 条
2025-12-15T00:58:00.346+08:00  INFO 7826 --- [ai-model-call] [http-nio-40000-exec-8] c.s.a.s.impl.DictionaryServiceImpl       : 获取 Item 详情成功，itemId: 2000247601606946817
2025-12-15T00:58:35.416+08:00  INFO 9193 --- [ai-model-call] [main] c.scccy.aimodel.AiModelCallApplication   : Starting AiModelCallApplication using Java 17.0.16 with PID 9193 (/Volumes/project/github/ai/target/classes started by shici in /Volumes/project/github/ai)
2025-12-15T00:58:35.417+08:00  INFO 9193 --- [ai-model-call] [main] c.scccy.aimodel.AiModelCallApplication   : No active profile set, falling back to 1 default profile: "default"
2025-12-15T00:58:35.693+08:00  INFO 9193 --- [ai-model-call] [main] .s.a.c.BeanDefinitionDiagnosticProcessor : ============== 开始诊断 BeanDefinition ==============
2025-12-15T00:58:35.693+08:00  INFO 9193 --- [ai-model-call] [main] .s.a.c.BeanDefinitionDiagnosticProcessor : ✓ 未发现 factoryBeanObjectType 类型异常的 Bean
2025-12-15T00:58:35.693+08:00  INFO 9193 --- [ai-model-call] [main] .s.a.c.BeanDefinitionDiagnosticProcessor : ============== 诊断完成 ==============
2025-12-15T00:58:35.792+08:00  INFO 9193 --- [ai-model-call] [main] o.s.b.w.embedded.tomcat.TomcatWebServer  : Tomcat initialized with port 40000 (http)
2025-12-15T00:58:35.796+08:00  INFO 9193 --- [ai-model-call] [main] o.apache.catalina.core.StandardService   : Starting service [Tomcat]
2025-12-15T00:58:35.796+08:00  INFO 9193 --- [ai-model-call] [main] o.apache.catalina.core.StandardEngine    : Starting Servlet engine: [Apache Tomcat/10.1.20]
2025-12-15T00:58:35.814+08:00  INFO 9193 --- [ai-model-call] [main] o.a.c.c.C.[Tomcat].[localhost].[/]       : Initializing Spring embedded WebApplicationContext
2025-12-15T00:58:35.814+08:00  INFO 9193 --- [ai-model-call] [main] w.s.c.ServletWebServerApplicationContext : Root WebApplicationContext: initialization completed in 381 ms
2025-12-15T00:58:35.989+08:00  WARN 9193 --- [ai-model-call] [main] c.b.m.core.injector.DefaultSqlInjector   : class com.scccy.aimodel.domain.mp.DimDictionaryMappingMp ,Not found @TableId annotation, Cannot use Mybatis-Plus 'xxById' Method.
2025-12-15T00:58:36.151+08:00  INFO 9193 --- [ai-model-call] [main] m.e.s.MybatisPlusApplicationContextAware : Register ApplicationContext instances org.springframework.boot.web.servlet.context.AnnotationConfigServletWebServerApplicationContext@4de41af9
2025-12-15T00:58:36.184+08:00  INFO 9193 --- [ai-model-call] [main] o.s.b.w.embedded.tomcat.TomcatWebServer  : Tomcat started on port 40000 (http) with context path ''
2025-12-15T00:58:36.188+08:00  INFO 9193 --- [ai-model-call] [main] c.scccy.aimodel.AiModelCallApplication   : Started AiModelCallApplication in 0.945 seconds (process running for 1.427)
2025-12-15T00:58:39.890+08:00  INFO 9193 --- [ai-model-call] [http-nio-40000-exec-1] o.a.c.c.C.[Tomcat].[localhost].[/]       : Initializing Spring DispatcherServlet 'dispatcherServlet'
2025-12-15T00:58:39.890+08:00  INFO 9193 --- [ai-model-call] [http-nio-40000-exec-1] o.s.web.servlet.DispatcherServlet        : Initializing Servlet 'dispatcherServlet'
2025-12-15T00:58:39.891+08:00  INFO 9193 --- [ai-model-call] [http-nio-40000-exec-1] o.s.web.servlet.DispatcherServlet        : Completed initialization in 0 ms
2025-12-15T00:58:39.933+08:00  INFO 9193 --- [ai-model-call] [http-nio-40000-exec-1] com.zaxxer.hikari.HikariDataSource       : HikariCP - Starting...
2025-12-15T00:58:40.031+08:00  INFO 9193 --- [ai-model-call] [http-nio-40000-exec-1] com.zaxxer.hikari.pool.HikariPool        : HikariCP - Added connection com.mysql.cj.jdbc.ConnectionImpl@6bcc84c6
2025-12-15T00:58:40.032+08:00  INFO 9193 --- [ai-model-call] [http-nio-40000-exec-1] com.zaxxer.hikari.HikariDataSource       : HikariCP - Start completed.
2025-12-15T01:04:12.499+08:00  INFO 9193 --- [ai-model-call] [SpringApplicationShutdownHook] com.zaxxer.hikari.HikariDataSource       : HikariCP - Shutdown initiated...
2025-12-15T01:04:12.507+08:00  INFO 9193 --- [ai-model-call] [SpringApplicationShutdownHook] com.zaxxer.hikari.HikariDataSource       : HikariCP - Shutdown completed.
2025-12-15T01:04:14.832+08:00  INFO 11256 --- [ai-model-call] [main] c.scccy.aimodel.AiModelCallApplication   : Starting AiModelCallApplication using Java 17.0.16 with PID 11256 (/Volumes/project/github/ai/target/classes started by shici in /Volumes/project/github/ai)
2025-12-15T01:04:14.833+08:00  INFO 11256 --- [ai-model-call] [main] c.scccy.aimodel.AiModelCallApplication   : No active profile set, falling back to 1 default profile: "default"
2025-12-15T01:04:15.103+08:00  INFO 11256 --- [ai-model-call] [main] .s.a.c.BeanDefinitionDiagnosticProcessor : ============== 开始诊断 BeanDefinition ==============
2025-12-15T01:04:15.104+08:00  INFO 11256 --- [ai-model-call] [main] .s.a.c.BeanDefinitionDiagnosticProcessor : ✓ 未发现 factoryBeanObjectType 类型异常的 Bean
2025-12-15T01:04:15.104+08:00  INFO 11256 --- [ai-model-call] [main] .s.a.c.BeanDefinitionDiagnosticProcessor : ============== 诊断完成 ==============
2025-12-15T01:04:15.214+08:00  INFO 11256 --- [ai-model-call] [main] o.s.b.w.embedded.tomcat.TomcatWebServer  : Tomcat initialized with port 40000 (http)
2025-12-15T01:04:15.218+08:00  INFO 11256 --- [ai-model-call] [main] o.apache.catalina.core.StandardService   : Starting service [Tomcat]
2025-12-15T01:04:15.218+08:00  INFO 11256 --- [ai-model-call] [main] o.apache.catalina.core.StandardEngine    : Starting Servlet engine: [Apache Tomcat/10.1.20]
2025-12-15T01:04:15.237+08:00  INFO 11256 --- [ai-model-call] [main] o.a.c.c.C.[Tomcat].[localhost].[/]       : Initializing Spring embedded WebApplicationContext
2025-12-15T01:04:15.238+08:00  INFO 11256 --- [ai-model-call] [main] w.s.c.ServletWebServerApplicationContext : Root WebApplicationContext: initialization completed in 390 ms
2025-12-15T01:04:15.449+08:00  WARN 11256 --- [ai-model-call] [main] c.b.m.core.injector.DefaultSqlInjector   : class com.scccy.aimodel.domain.mp.DimDictionaryMappingMp ,Not found @TableId annotation, Cannot use Mybatis-Plus 'xxById' Method.
2025-12-15T01:04:15.617+08:00  INFO 11256 --- [ai-model-call] [main] m.e.s.MybatisPlusApplicationContextAware : Register ApplicationContext instances org.springframework.boot.web.servlet.context.AnnotationConfigServletWebServerApplicationContext@4de41af9
2025-12-15T01:04:15.654+08:00  INFO 11256 --- [ai-model-call] [main] o.s.b.w.embedded.tomcat.TomcatWebServer  : Tomcat started on port 40000 (http) with context path ''
2025-12-15T01:04:15.658+08:00  INFO 11256 --- [ai-model-call] [main] c.scccy.aimodel.AiModelCallApplication   : Started AiModelCallApplication in 0.984 seconds (process running for 1.396)
2025-12-15T01:04:18.721+08:00  INFO 11256 --- [ai-model-call] [http-nio-40000-exec-1] o.a.c.c.C.[Tomcat].[localhost].[/]       : Initializing Spring DispatcherServlet 'dispatcherServlet'
2025-12-15T01:04:18.722+08:00  INFO 11256 --- [ai-model-call] [http-nio-40000-exec-1] o.s.web.servlet.DispatcherServlet        : Initializing Servlet 'dispatcherServlet'
2025-12-15T01:04:18.723+08:00  INFO 11256 --- [ai-model-call] [http-nio-40000-exec-1] o.s.web.servlet.DispatcherServlet        : Completed initialization in 1 ms
2025-12-15T01:04:18.773+08:00  INFO 11256 --- [ai-model-call] [http-nio-40000-exec-1] com.zaxxer.hikari.HikariDataSource       : HikariCP - Starting...
2025-12-15T01:04:18.866+08:00  INFO 11256 --- [ai-model-call] [http-nio-40000-exec-1] com.zaxxer.hikari.pool.HikariPool        : HikariCP - Added connection com.mysql.cj.jdbc.ConnectionImpl@6dd5821f
2025-12-15T01:04:18.867+08:00  INFO 11256 --- [ai-model-call] [http-nio-40000-exec-1] com.zaxxer.hikari.HikariDataSource       : HikariCP - Start completed.
2025-12-15T01:06:04.220+08:00  INFO 11979 --- [ai-model-call] [main] c.scccy.aimodel.AiModelCallApplication   : Starting AiModelCallApplication using Java 17.0.16 with PID 11979 (/Volumes/project/github/ai/target/classes started by shici in /Volumes/project/github/ai)
2025-12-15T01:06:04.221+08:00  INFO 11979 --- [ai-model-call] [main] c.scccy.aimodel.AiModelCallApplication   : No active profile set, falling back to 1 default profile: "default"
2025-12-15T01:06:04.565+08:00  INFO 11979 --- [ai-model-call] [main] .s.a.c.BeanDefinitionDiagnosticProcessor : ============== 开始诊断 BeanDefinition ==============
2025-12-15T01:06:04.565+08:00  INFO 11979 --- [ai-model-call] [main] .s.a.c.BeanDefinitionDiagnosticProcessor : ✓ 未发现 factoryBeanObjectType 类型异常的 Bean
2025-12-15T01:06:04.565+08:00  INFO 11979 --- [ai-model-call] [main] .s.a.c.BeanDefinitionDiagnosticProcessor : ============== 诊断完成 ==============
2025-12-15T01:06:04.717+08:00  INFO 11979 --- [ai-model-call] [main] o.s.b.w.embedded.tomcat.TomcatWebServer  : Tomcat initialized with port 40000 (http)
2025-12-15T01:06:04.731+08:00  INFO 11979 --- [ai-model-call] [main] o.apache.catalina.core.StandardService   : Starting service [Tomcat]
2025-12-15T01:06:04.731+08:00  INFO 11979 --- [ai-model-call] [main] o.apache.catalina.core.StandardEngine    : Starting Servlet engine: [Apache Tomcat/10.1.20]
2025-12-15T01:06:04.770+08:00  INFO 11979 --- [ai-model-call] [main] o.a.c.c.C.[Tomcat].[localhost].[/]       : Initializing Spring embedded WebApplicationContext
2025-12-15T01:06:04.771+08:00  INFO 11979 --- [ai-model-call] [main] w.s.c.ServletWebServerApplicationContext : Root WebApplicationContext: initialization completed in 520 ms
2025-12-15T01:06:05.076+08:00  WARN 11979 --- [ai-model-call] [main] c.b.m.core.injector.DefaultSqlInjector   : class com.scccy.aimodel.domain.mp.DimDictionaryMappingMp ,Not found @TableId annotation, Cannot use Mybatis-Plus 'xxById' Method.
2025-12-15T01:06:05.260+08:00  INFO 11979 --- [ai-model-call] [main] m.e.s.MybatisPlusApplicationContextAware : Register ApplicationContext instances org.springframework.boot.web.servlet.context.AnnotationConfigServletWebServerApplicationContext@4de41af9
2025-12-15T01:06:05.293+08:00  INFO 11979 --- [ai-model-call] [main] o.s.b.w.embedded.tomcat.TomcatWebServer  : Tomcat started on port 40000 (http) with context path ''
2025-12-15T01:06:05.297+08:00  INFO 11979 --- [ai-model-call] [main] c.scccy.aimodel.AiModelCallApplication   : Started AiModelCallApplication in 1.228 seconds (process running for 1.758)
2025-12-15T01:06:09.471+08:00  INFO 11979 --- [ai-model-call] [http-nio-40000-exec-1] o.a.c.c.C.[Tomcat].[localhost].[/]       : Initializing Spring DispatcherServlet 'dispatcherServlet'
2025-12-15T01:06:09.471+08:00  INFO 11979 --- [ai-model-call] [http-nio-40000-exec-1] o.s.web.servlet.DispatcherServlet        : Initializing Servlet 'dispatcherServlet'
2025-12-15T01:06:09.472+08:00  INFO 11979 --- [ai-model-call] [http-nio-40000-exec-1] o.s.web.servlet.DispatcherServlet        : Completed initialization in 1 ms
2025-12-15T01:06:09.537+08:00  INFO 11979 --- [ai-model-call] [http-nio-40000-exec-1] com.zaxxer.hikari.HikariDataSource       : HikariCP - Starting...
2025-12-15T01:06:09.643+08:00  INFO 11979 --- [ai-model-call] [http-nio-40000-exec-1] com.zaxxer.hikari.pool.HikariPool        : HikariCP - Added connection com.mysql.cj.jdbc.ConnectionImpl@330abac5
2025-12-15T01:06:09.644+08:00  INFO 11979 --- [ai-model-call] [http-nio-40000-exec-1] com.zaxxer.hikari.HikariDataSource       : HikariCP - Start completed.
2025-12-15T01:08:21.509+08:00  INFO 11979 --- [ai-model-call] [http-nio-40000-exec-3] c.s.a.s.impl.ReverseParseServiceImpl     : 物理删除模型 chat1 的旧配置项，共删除 8 条记录
2025-12-15T01:09:29.684+08:00  INFO 11979 --- [ai-model-call] [SpringApplicationShutdownHook] com.zaxxer.hikari.HikariDataSource       : HikariCP - Shutdown initiated...
2025-12-15T01:09:29.692+08:00  INFO 11979 --- [ai-model-call] [SpringApplicationShutdownHook] com.zaxxer.hikari.HikariDataSource       : HikariCP - Shutdown completed.
2025-12-15T01:09:31.908+08:00  INFO 13074 --- [ai-model-call] [main] c.scccy.aimodel.AiModelCallApplication   : Starting AiModelCallApplication using Java 17.0.16 with PID 13074 (/Volumes/project/github/ai/target/classes started by shici in /Volumes/project/github/ai)
2025-12-15T01:09:31.909+08:00  INFO 13074 --- [ai-model-call] [main] c.scccy.aimodel.AiModelCallApplication   : No active profile set, falling back to 1 default profile: "default"
2025-12-15T01:09:32.181+08:00  INFO 13074 --- [ai-model-call] [main] .s.a.c.BeanDefinitionDiagnosticProcessor : ============== 开始诊断 BeanDefinition ==============
2025-12-15T01:09:32.181+08:00  INFO 13074 --- [ai-model-call] [main] .s.a.c.BeanDefinitionDiagnosticProcessor : ✓ 未发现 factoryBeanObjectType 类型异常的 Bean
2025-12-15T01:09:32.181+08:00  INFO 13074 --- [ai-model-call] [main] .s.a.c.BeanDefinitionDiagnosticProcessor : ============== 诊断完成 ==============
2025-12-15T01:09:32.284+08:00  INFO 13074 --- [ai-model-call] [main] o.s.b.w.embedded.tomcat.TomcatWebServer  : Tomcat initialized with port 40000 (http)
2025-12-15T01:09:32.288+08:00  INFO 13074 --- [ai-model-call] [main] o.apache.catalina.core.StandardService   : Starting service [Tomcat]
2025-12-15T01:09:32.288+08:00  INFO 13074 --- [ai-model-call] [main] o.apache.catalina.core.StandardEngine    : Starting Servlet engine: [Apache Tomcat/10.1.20]
2025-12-15T01:09:32.303+08:00  INFO 13074 --- [ai-model-call] [main] o.a.c.c.C.[Tomcat].[localhost].[/]       : Initializing Spring embedded WebApplicationContext
2025-12-15T01:09:32.304+08:00  INFO 13074 --- [ai-model-call] [main] w.s.c.ServletWebServerApplicationContext : Root WebApplicationContext: initialization completed in 380 ms
2025-12-15T01:09:32.497+08:00  WARN 13074 --- [ai-model-call] [main] c.b.m.core.injector.DefaultSqlInjector   : class com.scccy.aimodel.domain.mp.DimDictionaryMappingMp ,Not found @TableId annotation, Cannot use Mybatis-Plus 'xxById' Method.
2025-12-15T01:09:32.669+08:00  INFO 13074 --- [ai-model-call] [main] m.e.s.MybatisPlusApplicationContextAware : Register ApplicationContext instances org.springframework.boot.web.servlet.context.AnnotationConfigServletWebServerApplicationContext@4de41af9
2025-12-15T01:09:32.710+08:00  INFO 13074 --- [ai-model-call] [main] o.s.b.w.embedded.tomcat.TomcatWebServer  : Tomcat started on port 40000 (http) with context path ''
2025-12-15T01:09:32.716+08:00  INFO 13074 --- [ai-model-call] [main] c.scccy.aimodel.AiModelCallApplication   : Started AiModelCallApplication in 0.95 seconds (process running for 1.362)
2025-12-15T01:09:37.717+08:00  INFO 13074 --- [ai-model-call] [http-nio-40000-exec-1] o.a.c.c.C.[Tomcat].[localhost].[/]       : Initializing Spring DispatcherServlet 'dispatcherServlet'
2025-12-15T01:09:37.718+08:00  INFO 13074 --- [ai-model-call] [http-nio-40000-exec-1] o.s.web.servlet.DispatcherServlet        : Initializing Servlet 'dispatcherServlet'
2025-12-15T01:09:37.719+08:00  INFO 13074 --- [ai-model-call] [http-nio-40000-exec-1] o.s.web.servlet.DispatcherServlet        : Completed initialization in 1 ms
2025-12-15T01:09:37.769+08:00  INFO 13074 --- [ai-model-call] [http-nio-40000-exec-1] com.zaxxer.hikari.HikariDataSource       : HikariCP - Starting...
2025-12-15T01:09:37.852+08:00  INFO 13074 --- [ai-model-call] [http-nio-40000-exec-1] com.zaxxer.hikari.pool.HikariPool        : HikariCP - Added connection com.mysql.cj.jdbc.ConnectionImpl@154c43
2025-12-15T01:09:37.853+08:00  INFO 13074 --- [ai-model-call] [http-nio-40000-exec-1] com.zaxxer.hikari.HikariDataSource       : HikariCP - Start completed.
2025-12-15T01:14:22.666+08:00  INFO 14755 --- [ai-model-call] [main] c.scccy.aimodel.AiModelCallApplication   : Starting AiModelCallApplication using Java 17.0.16 with PID 14755 (/Volumes/project/github/ai/target/classes started by shici in /Volumes/project/github/ai)
2025-12-15T01:14:22.668+08:00  INFO 14755 --- [ai-model-call] [main] c.scccy.aimodel.AiModelCallApplication   : No active profile set, falling back to 1 default profile: "default"
2025-12-15T01:14:23.100+08:00  INFO 14755 --- [ai-model-call] [main] .s.a.c.BeanDefinitionDiagnosticProcessor : ============== 开始诊断 BeanDefinition ==============
2025-12-15T01:14:23.100+08:00  INFO 14755 --- [ai-model-call] [main] .s.a.c.BeanDefinitionDiagnosticProcessor : ✓ 未发现 factoryBeanObjectType 类型异常的 Bean
2025-12-15T01:14:23.101+08:00  INFO 14755 --- [ai-model-call] [main] .s.a.c.BeanDefinitionDiagnosticProcessor : ============== 诊断完成 ==============
2025-12-15T01:14:23.277+08:00  INFO 14755 --- [ai-model-call] [main] o.s.b.w.embedded.tomcat.TomcatWebServer  : Tomcat initialized with port 40000 (http)
2025-12-15T01:14:23.282+08:00  INFO 14755 --- [ai-model-call] [main] o.apache.catalina.core.StandardService   : Starting service [Tomcat]
2025-12-15T01:14:23.282+08:00  INFO 14755 --- [ai-model-call] [main] o.apache.catalina.core.StandardEngine    : Starting Servlet engine: [Apache Tomcat/10.1.20]
2025-12-15T01:14:23.304+08:00  INFO 14755 --- [ai-model-call] [main] o.a.c.c.C.[Tomcat].[localhost].[/]       : Initializing Spring embedded WebApplicationContext
2025-12-15T01:14:23.304+08:00  INFO 14755 --- [ai-model-call] [main] w.s.c.ServletWebServerApplicationContext : Root WebApplicationContext: initialization completed in 610 ms
2025-12-15T01:14:23.429+08:00  INFO 14758 --- [ai-model-call] [main] c.scccy.aimodel.AiModelCallApplication   : Starting AiModelCallApplication using Java 17.0.16 with PID 14758 (/Volumes/project/github/ai/target/classes started by shici in /Volumes/project/github/ai)
2025-12-15T01:14:23.432+08:00  INFO 14758 --- [ai-model-call] [main] c.scccy.aimodel.AiModelCallApplication   : No active profile set, falling back to 1 default profile: "default"
2025-12-15T01:14:23.529+08:00  WARN 14755 --- [ai-model-call] [main] c.b.m.core.injector.DefaultSqlInjector   : class com.scccy.aimodel.domain.mp.DimDictionaryMappingMp ,Not found @TableId annotation, Cannot use Mybatis-Plus 'xxById' Method.
2025-12-15T01:14:23.726+08:00  INFO 14755 --- [ai-model-call] [main] m.e.s.MybatisPlusApplicationContextAware : Register ApplicationContext instances org.springframework.boot.web.servlet.context.AnnotationConfigServletWebServerApplicationContext@4de41af9
2025-12-15T01:14:23.737+08:00  INFO 14758 --- [ai-model-call] [main] .s.a.c.BeanDefinitionDiagnosticProcessor : ============== 开始诊断 BeanDefinition ==============
2025-12-15T01:14:23.737+08:00  INFO 14758 --- [ai-model-call] [main] .s.a.c.BeanDefinitionDiagnosticProcessor : ✓ 未发现 factoryBeanObjectType 类型异常的 Bean
2025-12-15T01:14:23.737+08:00  INFO 14758 --- [ai-model-call] [main] .s.a.c.BeanDefinitionDiagnosticProcessor : ============== 诊断完成 ==============
2025-12-15T01:14:23.770+08:00  INFO 14755 --- [ai-model-call] [main] o.s.b.w.embedded.tomcat.TomcatWebServer  : Tomcat started on port 40000 (http) with context path ''
2025-12-15T01:14:23.775+08:00  INFO 14755 --- [ai-model-call] [main] c.scccy.aimodel.AiModelCallApplication   : Started AiModelCallApplication in 1.309 seconds (process running for 1.894)
2025-12-15T01:14:23.852+08:00  INFO 14758 --- [ai-model-call] [main] o.s.b.w.embedded.tomcat.TomcatWebServer  : Tomcat initialized with port 40000 (http)
2025-12-15T01:14:23.856+08:00  INFO 14758 --- [ai-model-call] [main] o.apache.catalina.core.StandardService   : Starting service [Tomcat]
2025-12-15T01:14:23.856+08:00  INFO 14758 --- [ai-model-call] [main] o.apache.catalina.core.StandardEngine    : Starting Servlet engine: [Apache Tomcat/10.1.20]
2025-12-15T01:14:23.872+08:00  INFO 14758 --- [ai-model-call] [main] o.a.c.c.C.[Tomcat].[localhost].[/]       : Initializing Spring embedded WebApplicationContext
2025-12-15T01:14:23.872+08:00  INFO 14758 --- [ai-model-call] [main] w.s.c.ServletWebServerApplicationContext : Root WebApplicationContext: initialization completed in 412 ms
2025-12-15T01:14:24.068+08:00  WARN 14758 --- [ai-model-call] [main] c.b.m.core.injector.DefaultSqlInjector   : class com.scccy.aimodel.domain.mp.DimDictionaryMappingMp ,Not found @TableId annotation, Cannot use Mybatis-Plus 'xxById' Method.
2025-12-15T01:14:24.308+08:00  INFO 14758 --- [ai-model-call] [main] m.e.s.MybatisPlusApplicationContextAware : Register ApplicationContext instances org.springframework.boot.web.servlet.context.AnnotationConfigServletWebServerApplicationContext@4de41af9
2025-12-15T01:14:24.344+08:00  WARN 14758 --- [ai-model-call] [main] ConfigServletWebServerApplicationContext : Exception encountered during context initialization - cancelling refresh attempt: org.springframework.context.ApplicationContextException: Failed to start bean 'webServerStartStop'
2025-12-15T01:14:24.350+08:00  INFO 14758 --- [ai-model-call] [main] .s.b.a.l.ConditionEvaluationReportLogger : 

Error starting ApplicationContext. To display the condition evaluation report re-run your application with 'debug' enabled.
2025-12-15T01:14:24.356+08:00 ERROR 14758 --- [ai-model-call] [main] o.s.b.d.LoggingFailureAnalysisReporter   : 

***************************
APPLICATION FAILED TO START
***************************

Description:

Web server failed to start. Port 40000 was already in use.

Action:

Identify and stop the process that's listening on port 40000 or configure this application to listen on another port.

2025-12-15T01:14:40.201+08:00  INFO 14866 --- [ai-model-call] [main] c.scccy.aimodel.AiModelCallApplication   : Starting AiModelCallApplication using Java 17.0.16 with PID 14866 (/Volumes/project/github/ai/target/classes started by shici in /Volumes/project/github/ai)
2025-12-15T01:14:40.203+08:00  INFO 14866 --- [ai-model-call] [main] c.scccy.aimodel.AiModelCallApplication   : No active profile set, falling back to 1 default profile: "default"
2025-12-15T01:14:40.747+08:00  INFO 14866 --- [ai-model-call] [main] .s.a.c.BeanDefinitionDiagnosticProcessor : ============== 开始诊断 BeanDefinition ==============
2025-12-15T01:14:40.747+08:00  INFO 14866 --- [ai-model-call] [main] .s.a.c.BeanDefinitionDiagnosticProcessor : ✓ 未发现 factoryBeanObjectType 类型异常的 Bean
2025-12-15T01:14:40.747+08:00  INFO 14866 --- [ai-model-call] [main] .s.a.c.BeanDefinitionDiagnosticProcessor : ============== 诊断完成 ==============
2025-12-15T01:14:40.903+08:00  INFO 14866 --- [ai-model-call] [main] o.s.b.w.embedded.tomcat.TomcatWebServer  : Tomcat initialized with port 40000 (http)
2025-12-15T01:14:40.909+08:00  INFO 14866 --- [ai-model-call] [main] o.apache.catalina.core.StandardService   : Starting service [Tomcat]
2025-12-15T01:14:40.910+08:00  INFO 14866 --- [ai-model-call] [main] o.apache.catalina.core.StandardEngine    : Starting Servlet engine: [Apache Tomcat/10.1.20]
2025-12-15T01:14:40.937+08:00  INFO 14866 --- [ai-model-call] [main] o.a.c.c.C.[Tomcat].[localhost].[/]       : Initializing Spring embedded WebApplicationContext
2025-12-15T01:14:40.938+08:00  INFO 14866 --- [ai-model-call] [main] w.s.c.ServletWebServerApplicationContext : Root WebApplicationContext: initialization completed in 709 ms
2025-12-15T01:14:41.081+08:00  INFO 14880 --- [ai-model-call] [main] c.scccy.aimodel.AiModelCallApplication   : Starting AiModelCallApplication using Java 17.0.16 with PID 14880 (/Volumes/project/github/ai/target/classes started by shici in /Volumes/project/github/ai)
2025-12-15T01:14:41.084+08:00  INFO 14880 --- [ai-model-call] [main] c.scccy.aimodel.AiModelCallApplication   : No active profile set, falling back to 1 default profile: "default"
2025-12-15T01:14:41.172+08:00  WARN 14866 --- [ai-model-call] [main] c.b.m.core.injector.DefaultSqlInjector   : class com.scccy.aimodel.domain.mp.DimDictionaryMappingMp ,Not found @TableId annotation, Cannot use Mybatis-Plus 'xxById' Method.
2025-12-15T01:14:41.368+08:00  INFO 14866 --- [ai-model-call] [main] m.e.s.MybatisPlusApplicationContextAware : Register ApplicationContext instances org.springframework.boot.web.servlet.context.AnnotationConfigServletWebServerApplicationContext@4de41af9
2025-12-15T01:14:41.400+08:00  INFO 14880 --- [ai-model-call] [main] .s.a.c.BeanDefinitionDiagnosticProcessor : ============== 开始诊断 BeanDefinition ==============
2025-12-15T01:14:41.401+08:00  INFO 14880 --- [ai-model-call] [main] .s.a.c.BeanDefinitionDiagnosticProcessor : ✓ 未发现 factoryBeanObjectType 类型异常的 Bean
2025-12-15T01:14:41.401+08:00  INFO 14880 --- [ai-model-call] [main] .s.a.c.BeanDefinitionDiagnosticProcessor : ============== 诊断完成 ==============
2025-12-15T01:14:41.409+08:00  INFO 14866 --- [ai-model-call] [main] o.s.b.w.embedded.tomcat.TomcatWebServer  : Tomcat started on port 40000 (http) with context path ''
2025-12-15T01:14:41.413+08:00  INFO 14866 --- [ai-model-call] [main] c.scccy.aimodel.AiModelCallApplication   : Started AiModelCallApplication in 1.407 seconds (process running for 1.91)
2025-12-15T01:14:41.505+08:00  INFO 14880 --- [ai-model-call] [main] o.s.b.w.embedded.tomcat.TomcatWebServer  : Tomcat initialized with port 40000 (http)
2025-12-15T01:14:41.510+08:00  INFO 14880 --- [ai-model-call] [main] o.apache.catalina.core.StandardService   : Starting service [Tomcat]
2025-12-15T01:14:41.510+08:00  INFO 14880 --- [ai-model-call] [main] o.apache.catalina.core.StandardEngine    : Starting Servlet engine: [Apache Tomcat/10.1.20]
2025-12-15T01:14:41.526+08:00  INFO 14880 --- [ai-model-call] [main] o.a.c.c.C.[Tomcat].[localhost].[/]       : Initializing Spring embedded WebApplicationContext
2025-12-15T01:14:41.526+08:00  INFO 14880 --- [ai-model-call] [main] w.s.c.ServletWebServerApplicationContext : Root WebApplicationContext: initialization completed in 420 ms
2025-12-15T01:14:41.710+08:00  WARN 14880 --- [ai-model-call] [main] c.b.m.core.injector.DefaultSqlInjector   : class com.scccy.aimodel.domain.mp.DimDictionaryMappingMp ,Not found @TableId annotation, Cannot use Mybatis-Plus 'xxById' Method.
2025-12-15T01:14:41.880+08:00  INFO 14880 --- [ai-model-call] [main] m.e.s.MybatisPlusApplicationContextAware : Register ApplicationContext instances org.springframework.boot.web.servlet.context.AnnotationConfigServletWebServerApplicationContext@4de41af9
2025-12-15T01:14:41.916+08:00  WARN 14880 --- [ai-model-call] [main] ConfigServletWebServerApplicationContext : Exception encountered during context initialization - cancelling refresh attempt: org.springframework.context.ApplicationContextException: Failed to start bean 'webServerStartStop'
2025-12-15T01:14:41.923+08:00  INFO 14880 --- [ai-model-call] [main] .s.b.a.l.ConditionEvaluationReportLogger : 

Error starting ApplicationContext. To display the condition evaluation report re-run your application with 'debug' enabled.
2025-12-15T01:14:41.929+08:00 ERROR 14880 --- [ai-model-call] [main] o.s.b.d.LoggingFailureAnalysisReporter   : 

***************************
APPLICATION FAILED TO START
***************************

Description:

Web server failed to start. Port 40000 was already in use.

Action:

Identify and stop the process that's listening on port 40000 or configure this application to listen on another port.

2025-12-15T01:14:54.149+08:00  INFO 14981 --- [ai-model-call] [main] c.scccy.aimodel.AiModelCallApplication   : Starting AiModelCallApplication using Java 17.0.16 with PID 14981 (/Volumes/project/github/ai/target/classes started by shici in /Volumes/project/github/ai)
2025-12-15T01:14:54.150+08:00  INFO 14981 --- [ai-model-call] [main] c.scccy.aimodel.AiModelCallApplication   : No active profile set, falling back to 1 default profile: "default"
2025-12-15T01:14:54.423+08:00  INFO 14981 --- [ai-model-call] [main] .s.a.c.BeanDefinitionDiagnosticProcessor : ============== 开始诊断 BeanDefinition ==============
2025-12-15T01:14:54.423+08:00  INFO 14981 --- [ai-model-call] [main] .s.a.c.BeanDefinitionDiagnosticProcessor : ✓ 未发现 factoryBeanObjectType 类型异常的 Bean
2025-12-15T01:14:54.424+08:00  INFO 14981 --- [ai-model-call] [main] .s.a.c.BeanDefinitionDiagnosticProcessor : ============== 诊断完成 ==============
2025-12-15T01:14:54.616+08:00  INFO 14981 --- [ai-model-call] [main] o.s.b.w.embedded.tomcat.TomcatWebServer  : Tomcat initialized with port 40000 (http)
2025-12-15T01:14:54.621+08:00  INFO 14981 --- [ai-model-call] [main] o.apache.catalina.core.StandardService   : Starting service [Tomcat]
2025-12-15T01:14:54.621+08:00  INFO 14981 --- [ai-model-call] [main] o.apache.catalina.core.StandardEngine    : Starting Servlet engine: [Apache Tomcat/10.1.20]
2025-12-15T01:14:54.647+08:00  INFO 14981 --- [ai-model-call] [main] o.a.c.c.C.[Tomcat].[localhost].[/]       : Initializing Spring embedded WebApplicationContext
2025-12-15T01:14:54.648+08:00  INFO 14981 --- [ai-model-call] [main] w.s.c.ServletWebServerApplicationContext : Root WebApplicationContext: initialization completed in 478 ms
2025-12-15T01:14:54.908+08:00  WARN 14981 --- [ai-model-call] [main] c.b.m.core.injector.DefaultSqlInjector   : class com.scccy.aimodel.domain.mp.DimDictionaryMappingMp ,Not found @TableId annotation, Cannot use Mybatis-Plus 'xxById' Method.
2025-12-15T01:14:55.160+08:00  INFO 14981 --- [ai-model-call] [main] m.e.s.MybatisPlusApplicationContextAware : Register ApplicationContext instances org.springframework.boot.web.servlet.context.AnnotationConfigServletWebServerApplicationContext@4de41af9
2025-12-15T01:14:55.203+08:00  INFO 14981 --- [ai-model-call] [main] o.s.b.w.embedded.tomcat.TomcatWebServer  : Tomcat started on port 40000 (http) with context path ''
2025-12-15T01:14:55.208+08:00  INFO 14981 --- [ai-model-call] [main] c.scccy.aimodel.AiModelCallApplication   : Started AiModelCallApplication in 1.269 seconds (process running for 1.831)
2025-12-15T01:15:04.129+08:00  INFO 14981 --- [ai-model-call] [http-nio-40000-exec-1] o.a.c.c.C.[Tomcat].[localhost].[/]       : Initializing Spring DispatcherServlet 'dispatcherServlet'
2025-12-15T01:15:04.129+08:00  INFO 14981 --- [ai-model-call] [http-nio-40000-exec-1] o.s.web.servlet.DispatcherServlet        : Initializing Servlet 'dispatcherServlet'
2025-12-15T01:15:04.134+08:00  INFO 14981 --- [ai-model-call] [http-nio-40000-exec-1] o.s.web.servlet.DispatcherServlet        : Completed initialization in 4 ms
2025-12-15T01:15:04.234+08:00  INFO 14981 --- [ai-model-call] [http-nio-40000-exec-1] com.zaxxer.hikari.HikariDataSource       : HikariCP - Starting...
2025-12-15T01:15:04.324+08:00  INFO 14981 --- [ai-model-call] [http-nio-40000-exec-1] com.zaxxer.hikari.pool.HikariPool        : HikariCP - Added connection com.mysql.cj.jdbc.ConnectionImpl@41fd47b1
2025-12-15T01:15:04.325+08:00  INFO 14981 --- [ai-model-call] [http-nio-40000-exec-1] com.zaxxer.hikari.HikariDataSource       : HikariCP - Start completed.
2025-12-15T01:22:23.291+08:00  INFO 17490 --- [ai-model-call] [main] c.scccy.aimodel.AiModelCallApplication   : Starting AiModelCallApplication using Java 17.0.16 with PID 17490 (/Volumes/project/github/ai/target/classes started by shici in /Volumes/project/github/ai)
2025-12-15T01:22:23.292+08:00  INFO 17490 --- [ai-model-call] [main] c.scccy.aimodel.AiModelCallApplication   : No active profile set, falling back to 1 default profile: "default"
2025-12-15T01:22:23.564+08:00  INFO 17490 --- [ai-model-call] [main] .s.a.c.BeanDefinitionDiagnosticProcessor : ============== 开始诊断 BeanDefinition ==============
2025-12-15T01:22:23.564+08:00  INFO 17490 --- [ai-model-call] [main] .s.a.c.BeanDefinitionDiagnosticProcessor : ✓ 未发现 factoryBeanObjectType 类型异常的 Bean
2025-12-15T01:22:23.564+08:00  INFO 17490 --- [ai-model-call] [main] .s.a.c.BeanDefinitionDiagnosticProcessor : ============== 诊断完成 ==============
2025-12-15T01:22:23.677+08:00  INFO 17490 --- [ai-model-call] [main] o.s.b.w.embedded.tomcat.TomcatWebServer  : Tomcat initialized with port 40000 (http)
2025-12-15T01:22:23.682+08:00  INFO 17490 --- [ai-model-call] [main] o.apache.catalina.core.StandardService   : Starting service [Tomcat]
2025-12-15T01:22:23.682+08:00  INFO 17490 --- [ai-model-call] [main] o.apache.catalina.core.StandardEngine    : Starting Servlet engine: [Apache Tomcat/10.1.20]
2025-12-15T01:22:23.702+08:00  INFO 17490 --- [ai-model-call] [main] o.a.c.c.C.[Tomcat].[localhost].[/]       : Initializing Spring embedded WebApplicationContext
2025-12-15T01:22:23.702+08:00  INFO 17490 --- [ai-model-call] [main] w.s.c.ServletWebServerApplicationContext : Root WebApplicationContext: initialization completed in 393 ms
2025-12-15T01:22:23.913+08:00  WARN 17490 --- [ai-model-call] [main] c.b.m.core.injector.DefaultSqlInjector   : class com.scccy.aimodel.domain.mp.DimDictionaryMappingMp ,Not found @TableId annotation, Cannot use Mybatis-Plus 'xxById' Method.
2025-12-15T01:22:24.115+08:00  INFO 17490 --- [ai-model-call] [main] m.e.s.MybatisPlusApplicationContextAware : Register ApplicationContext instances org.springframework.boot.web.servlet.context.AnnotationConfigServletWebServerApplicationContext@4de41af9
2025-12-15T01:22:24.148+08:00  INFO 17490 --- [ai-model-call] [main] o.s.b.w.embedded.tomcat.TomcatWebServer  : Tomcat started on port 40000 (http) with context path ''
2025-12-15T01:22:24.151+08:00  INFO 17490 --- [ai-model-call] [main] c.scccy.aimodel.AiModelCallApplication   : Started AiModelCallApplication in 1.034 seconds (process running for 1.535)
2025-12-15T01:22:32.492+08:00  INFO 17490 --- [ai-model-call] [http-nio-40000-exec-1] o.a.c.c.C.[Tomcat].[localhost].[/]       : Initializing Spring DispatcherServlet 'dispatcherServlet'
2025-12-15T01:22:32.493+08:00  INFO 17490 --- [ai-model-call] [http-nio-40000-exec-1] o.s.web.servlet.DispatcherServlet        : Initializing Servlet 'dispatcherServlet'
2025-12-15T01:22:32.497+08:00  INFO 17490 --- [ai-model-call] [http-nio-40000-exec-1] o.s.web.servlet.DispatcherServlet        : Completed initialization in 4 ms
2025-12-15T01:22:32.603+08:00  INFO 17490 --- [ai-model-call] [http-nio-40000-exec-1] com.zaxxer.hikari.HikariDataSource       : HikariCP - Starting...
2025-12-15T01:22:32.738+08:00  INFO 17490 --- [ai-model-call] [http-nio-40000-exec-1] com.zaxxer.hikari.pool.HikariPool        : HikariCP - Added connection com.mysql.cj.jdbc.ConnectionImpl@2aee27fc
2025-12-15T01:22:32.740+08:00  INFO 17490 --- [ai-model-call] [http-nio-40000-exec-1] com.zaxxer.hikari.HikariDataSource       : HikariCP - Start completed.
2025-12-15T01:28:34.083+08:00  INFO 19594 --- [ai-model-call] [main] c.scccy.aimodel.AiModelCallApplication   : Starting AiModelCallApplication using Java 17.0.16 with PID 19594 (/Volumes/project/github/ai/target/classes started by shici in /Volumes/project/github/ai)
2025-12-15T01:28:34.085+08:00  INFO 19594 --- [ai-model-call] [main] c.scccy.aimodel.AiModelCallApplication   : No active profile set, falling back to 1 default profile: "default"
2025-12-15T01:28:34.484+08:00  INFO 19594 --- [ai-model-call] [main] .s.a.c.BeanDefinitionDiagnosticProcessor : ============== 开始诊断 BeanDefinition ==============
2025-12-15T01:28:34.485+08:00  INFO 19594 --- [ai-model-call] [main] .s.a.c.BeanDefinitionDiagnosticProcessor : ✓ 未发现 factoryBeanObjectType 类型异常的 Bean
2025-12-15T01:28:34.485+08:00  INFO 19594 --- [ai-model-call] [main] .s.a.c.BeanDefinitionDiagnosticProcessor : ============== 诊断完成 ==============
2025-12-15T01:28:34.609+08:00  INFO 19594 --- [ai-model-call] [main] o.s.b.w.embedded.tomcat.TomcatWebServer  : Tomcat initialized with port 40000 (http)
2025-12-15T01:28:34.614+08:00  INFO 19594 --- [ai-model-call] [main] o.apache.catalina.core.StandardService   : Starting service [Tomcat]
2025-12-15T01:28:34.614+08:00  INFO 19594 --- [ai-model-call] [main] o.apache.catalina.core.StandardEngine    : Starting Servlet engine: [Apache Tomcat/10.1.20]
2025-12-15T01:28:34.639+08:00  INFO 19594 --- [ai-model-call] [main] o.a.c.c.C.[Tomcat].[localhost].[/]       : Initializing Spring embedded WebApplicationContext
2025-12-15T01:28:34.639+08:00  INFO 19594 --- [ai-model-call] [main] w.s.c.ServletWebServerApplicationContext : Root WebApplicationContext: initialization completed in 518 ms
2025-12-15T01:28:34.889+08:00  WARN 19594 --- [ai-model-call] [main] c.b.m.core.injector.DefaultSqlInjector   : class com.scccy.aimodel.domain.mp.DimDictionaryMappingMp ,Not found @TableId annotation, Cannot use Mybatis-Plus 'xxById' Method.
2025-12-15T01:28:35.121+08:00  INFO 19594 --- [ai-model-call] [main] m.e.s.MybatisPlusApplicationContextAware : Register ApplicationContext instances org.springframework.boot.web.servlet.context.AnnotationConfigServletWebServerApplicationContext@4de41af9
2025-12-15T01:28:35.161+08:00  WARN 19594 --- [ai-model-call] [main] ConfigServletWebServerApplicationContext : Exception encountered during context initialization - cancelling refresh attempt: org.springframework.context.ApplicationContextException: Failed to start bean 'webServerStartStop'
2025-12-15T01:28:35.168+08:00  INFO 19594 --- [ai-model-call] [main] .s.b.a.l.ConditionEvaluationReportLogger : 

Error starting ApplicationContext. To display the condition evaluation report re-run your application with 'debug' enabled.
2025-12-15T01:28:35.175+08:00 ERROR 19594 --- [ai-model-call] [main] o.s.b.d.LoggingFailureAnalysisReporter   : 

***************************
APPLICATION FAILED TO START
***************************

Description:

Web server failed to start. Port 40000 was already in use.

Action:

Identify and stop the process that's listening on port 40000 or configure this application to listen on another port.

2025-12-15T01:28:41.419+08:00  INFO 19670 --- [ai-model-call] [main] c.scccy.aimodel.AiModelCallApplication   : Starting AiModelCallApplication using Java 17.0.16 with PID 19670 (/Volumes/project/github/ai/target/classes started by shici in /Volumes/project/github/ai)
2025-12-15T01:28:41.421+08:00  INFO 19670 --- [ai-model-call] [main] c.scccy.aimodel.AiModelCallApplication   : No active profile set, falling back to 1 default profile: "default"
2025-12-15T01:28:41.826+08:00  INFO 19670 --- [ai-model-call] [main] .s.a.c.BeanDefinitionDiagnosticProcessor : ============== 开始诊断 BeanDefinition ==============
2025-12-15T01:28:41.827+08:00  INFO 19670 --- [ai-model-call] [main] .s.a.c.BeanDefinitionDiagnosticProcessor : ✓ 未发现 factoryBeanObjectType 类型异常的 Bean
2025-12-15T01:28:41.827+08:00  INFO 19670 --- [ai-model-call] [main] .s.a.c.BeanDefinitionDiagnosticProcessor : ============== 诊断完成 ==============
2025-12-15T01:28:41.972+08:00  INFO 19670 --- [ai-model-call] [main] o.s.b.w.embedded.tomcat.TomcatWebServer  : Tomcat initialized with port 40000 (http)
2025-12-15T01:28:41.977+08:00  INFO 19670 --- [ai-model-call] [main] o.apache.catalina.core.StandardService   : Starting service [Tomcat]
2025-12-15T01:28:41.977+08:00  INFO 19670 --- [ai-model-call] [main] o.apache.catalina.core.StandardEngine    : Starting Servlet engine: [Apache Tomcat/10.1.20]
2025-12-15T01:28:41.998+08:00  INFO 19670 --- [ai-model-call] [main] o.a.c.c.C.[Tomcat].[localhost].[/]       : Initializing Spring embedded WebApplicationContext
2025-12-15T01:28:41.999+08:00  INFO 19670 --- [ai-model-call] [main] w.s.c.ServletWebServerApplicationContext : Root WebApplicationContext: initialization completed in 553 ms
2025-12-15T01:28:42.190+08:00  WARN 19670 --- [ai-model-call] [main] c.b.m.core.injector.DefaultSqlInjector   : class com.scccy.aimodel.domain.mp.DimDictionaryMappingMp ,Not found @TableId annotation, Cannot use Mybatis-Plus 'xxById' Method.
2025-12-15T01:28:42.382+08:00  INFO 19670 --- [ai-model-call] [main] m.e.s.MybatisPlusApplicationContextAware : Register ApplicationContext instances org.springframework.boot.web.servlet.context.AnnotationConfigServletWebServerApplicationContext@4de41af9
2025-12-15T01:28:42.418+08:00  INFO 19670 --- [ai-model-call] [main] o.s.b.w.embedded.tomcat.TomcatWebServer  : Tomcat started on port 40000 (http) with context path ''
2025-12-15T01:28:42.421+08:00  INFO 19670 --- [ai-model-call] [main] c.scccy.aimodel.AiModelCallApplication   : Started AiModelCallApplication in 1.2 seconds (process running for 1.741)
2025-12-15T01:28:51.135+08:00  INFO 19670 --- [ai-model-call] [http-nio-40000-exec-1] o.a.c.c.C.[Tomcat].[localhost].[/]       : Initializing Spring DispatcherServlet 'dispatcherServlet'
2025-12-15T01:28:51.135+08:00  INFO 19670 --- [ai-model-call] [http-nio-40000-exec-1] o.s.web.servlet.DispatcherServlet        : Initializing Servlet 'dispatcherServlet'
2025-12-15T01:28:51.136+08:00  INFO 19670 --- [ai-model-call] [http-nio-40000-exec-1] o.s.web.servlet.DispatcherServlet        : Completed initialization in 0 ms
2025-12-15T01:28:51.255+08:00  INFO 19670 --- [ai-model-call] [http-nio-40000-exec-1] com.zaxxer.hikari.HikariDataSource       : HikariCP - Starting...
2025-12-15T01:28:51.384+08:00  INFO 19670 --- [ai-model-call] [http-nio-40000-exec-1] com.zaxxer.hikari.pool.HikariPool        : HikariCP - Added connection com.mysql.cj.jdbc.ConnectionImpl@60fe838c
2025-12-15T01:28:51.384+08:00  INFO 19670 --- [ai-model-call] [http-nio-40000-exec-1] com.zaxxer.hikari.HikariDataSource       : HikariCP - Start completed.
2025-12-15T01:30:16.541+08:00  INFO 20363 --- [ai-model-call] [main] c.scccy.aimodel.AiModelCallApplication   : Starting AiModelCallApplication using Java 17.0.16 with PID 20363 (/Volumes/project/github/ai/target/classes started by shici in /Volumes/project/github/ai)
2025-12-15T01:30:16.542+08:00  INFO 20363 --- [ai-model-call] [main] c.scccy.aimodel.AiModelCallApplication   : No active profile set, falling back to 1 default profile: "default"
2025-12-15T01:30:16.836+08:00  INFO 20363 --- [ai-model-call] [main] .s.a.c.BeanDefinitionDiagnosticProcessor : ============== 开始诊断 BeanDefinition ==============
2025-12-15T01:30:16.836+08:00  INFO 20363 --- [ai-model-call] [main] .s.a.c.BeanDefinitionDiagnosticProcessor : ✓ 未发现 factoryBeanObjectType 类型异常的 Bean
2025-12-15T01:30:16.836+08:00  INFO 20363 --- [ai-model-call] [main] .s.a.c.BeanDefinitionDiagnosticProcessor : ============== 诊断完成 ==============
2025-12-15T01:30:16.936+08:00  INFO 20363 --- [ai-model-call] [main] o.s.b.w.embedded.tomcat.TomcatWebServer  : Tomcat initialized with port 40000 (http)
2025-12-15T01:30:16.940+08:00  INFO 20363 --- [ai-model-call] [main] o.apache.catalina.core.StandardService   : Starting service [Tomcat]
2025-12-15T01:30:16.940+08:00  INFO 20363 --- [ai-model-call] [main] o.apache.catalina.core.StandardEngine    : Starting Servlet engine: [Apache Tomcat/10.1.20]
2025-12-15T01:30:16.957+08:00  INFO 20363 --- [ai-model-call] [main] o.a.c.c.C.[Tomcat].[localhost].[/]       : Initializing Spring embedded WebApplicationContext
2025-12-15T01:30:16.957+08:00  INFO 20363 --- [ai-model-call] [main] w.s.c.ServletWebServerApplicationContext : Root WebApplicationContext: initialization completed in 400 ms
2025-12-15T01:30:17.140+08:00  WARN 20363 --- [ai-model-call] [main] c.b.m.core.injector.DefaultSqlInjector   : class com.scccy.aimodel.domain.mp.DimDictionaryMappingMp ,Not found @TableId annotation, Cannot use Mybatis-Plus 'xxById' Method.
2025-12-15T01:30:17.307+08:00  INFO 20363 --- [ai-model-call] [main] m.e.s.MybatisPlusApplicationContextAware : Register ApplicationContext instances org.springframework.boot.web.servlet.context.AnnotationConfigServletWebServerApplicationContext@4de41af9
2025-12-15T01:30:17.343+08:00  INFO 20363 --- [ai-model-call] [main] o.s.b.w.embedded.tomcat.TomcatWebServer  : Tomcat started on port 40000 (http) with context path ''
2025-12-15T01:30:17.347+08:00  INFO 20363 --- [ai-model-call] [main] c.scccy.aimodel.AiModelCallApplication   : Started AiModelCallApplication in 0.944 seconds (process running for 1.389)
2025-12-15T01:30:22.504+08:00  INFO 20363 --- [ai-model-call] [http-nio-40000-exec-1] o.a.c.c.C.[Tomcat].[localhost].[/]       : Initializing Spring DispatcherServlet 'dispatcherServlet'
2025-12-15T01:30:22.504+08:00  INFO 20363 --- [ai-model-call] [http-nio-40000-exec-1] o.s.web.servlet.DispatcherServlet        : Initializing Servlet 'dispatcherServlet'
2025-12-15T01:30:22.506+08:00  INFO 20363 --- [ai-model-call] [http-nio-40000-exec-1] o.s.web.servlet.DispatcherServlet        : Completed initialization in 2 ms
2025-12-15T01:30:22.551+08:00  INFO 20363 --- [ai-model-call] [http-nio-40000-exec-1] com.zaxxer.hikari.HikariDataSource       : HikariCP - Starting...
2025-12-15T01:30:22.640+08:00  INFO 20363 --- [ai-model-call] [http-nio-40000-exec-1] com.zaxxer.hikari.pool.HikariPool        : HikariCP - Added connection com.mysql.cj.jdbc.ConnectionImpl@6b489317
2025-12-15T01:30:22.641+08:00  INFO 20363 --- [ai-model-call] [http-nio-40000-exec-1] com.zaxxer.hikari.HikariDataSource       : HikariCP - Start completed.
2025-12-15T01:48:37.600+08:00  INFO 20363 --- [ai-model-call] [SpringApplicationShutdownHook] com.zaxxer.hikari.HikariDataSource       : HikariCP - Shutdown initiated...
2025-12-15T01:48:37.614+08:00  INFO 20363 --- [ai-model-call] [SpringApplicationShutdownHook] com.zaxxer.hikari.HikariDataSource       : HikariCP - Shutdown completed.
2025-12-15T01:49:35.559+08:00  INFO 28622 --- [ai-model-call] [main] c.scccy.aimodel.AiModelCallApplication   : Starting AiModelCallApplication using Java 17.0.16 with PID 28622 (/Volumes/project/github/ai/target/classes started by shici in /Volumes/project/github/ai)
2025-12-15T01:49:35.560+08:00  INFO 28622 --- [ai-model-call] [main] c.scccy.aimodel.AiModelCallApplication   : No active profile set, falling back to 1 default profile: "default"
2025-12-15T01:49:35.814+08:00  INFO 28622 --- [ai-model-call] [main] .s.a.c.BeanDefinitionDiagnosticProcessor : ============== 开始诊断 BeanDefinition ==============
2025-12-15T01:49:35.815+08:00  INFO 28622 --- [ai-model-call] [main] .s.a.c.BeanDefinitionDiagnosticProcessor : ✓ 未发现 factoryBeanObjectType 类型异常的 Bean
2025-12-15T01:49:35.815+08:00  INFO 28622 --- [ai-model-call] [main] .s.a.c.BeanDefinitionDiagnosticProcessor : ============== 诊断完成 ==============
2025-12-15T01:49:35.920+08:00  INFO 28622 --- [ai-model-call] [main] o.s.b.w.embedded.tomcat.TomcatWebServer  : Tomcat initialized with port 40000 (http)
2025-12-15T01:49:35.924+08:00  INFO 28622 --- [ai-model-call] [main] o.apache.catalina.core.StandardService   : Starting service [Tomcat]
2025-12-15T01:49:35.925+08:00  INFO 28622 --- [ai-model-call] [main] o.apache.catalina.core.StandardEngine    : Starting Servlet engine: [Apache Tomcat/10.1.20]
2025-12-15T01:49:35.943+08:00  INFO 28622 --- [ai-model-call] [main] o.a.c.c.C.[Tomcat].[localhost].[/]       : Initializing Spring embedded WebApplicationContext
2025-12-15T01:49:35.943+08:00  INFO 28622 --- [ai-model-call] [main] w.s.c.ServletWebServerApplicationContext : Root WebApplicationContext: initialization completed in 367 ms
2025-12-15T01:49:36.144+08:00  WARN 28622 --- [ai-model-call] [main] c.b.m.core.injector.DefaultSqlInjector   : class com.scccy.aimodel.domain.mp.DimDictionaryMappingMp ,Not found @TableId annotation, Cannot use Mybatis-Plus 'xxById' Method.
2025-12-15T01:49:36.370+08:00  INFO 28622 --- [ai-model-call] [main] m.e.s.MybatisPlusApplicationContextAware : Register ApplicationContext instances org.springframework.boot.web.servlet.context.AnnotationConfigServletWebServerApplicationContext@5b7ea70d
2025-12-15T01:49:36.412+08:00  INFO 28622 --- [ai-model-call] [main] o.s.b.w.embedded.tomcat.TomcatWebServer  : Tomcat started on port 40000 (http) with context path ''
2025-12-15T01:49:36.417+08:00  INFO 28622 --- [ai-model-call] [main] c.scccy.aimodel.AiModelCallApplication   : Started AiModelCallApplication in 1.01 seconds (process running for 2.22)
2025-12-15T01:49:40.735+08:00  INFO 28622 --- [ai-model-call] [http-nio-40000-exec-1] o.a.c.c.C.[Tomcat].[localhost].[/]       : Initializing Spring DispatcherServlet 'dispatcherServlet'
2025-12-15T01:49:40.735+08:00  INFO 28622 --- [ai-model-call] [http-nio-40000-exec-1] o.s.web.servlet.DispatcherServlet        : Initializing Servlet 'dispatcherServlet'
2025-12-15T01:49:40.737+08:00  INFO 28622 --- [ai-model-call] [http-nio-40000-exec-1] o.s.web.servlet.DispatcherServlet        : Completed initialization in 1 ms
2025-12-15T01:49:40.839+08:00  INFO 28622 --- [ai-model-call] [http-nio-40000-exec-1] com.zaxxer.hikari.HikariDataSource       : HikariCP - Starting...
2025-12-15T01:49:40.992+08:00  INFO 28622 --- [ai-model-call] [http-nio-40000-exec-1] com.zaxxer.hikari.pool.HikariPool        : HikariCP - Added connection com.mysql.cj.jdbc.ConnectionImpl@35562481
2025-12-15T01:49:40.993+08:00  INFO 28622 --- [ai-model-call] [http-nio-40000-exec-1] com.zaxxer.hikari.HikariDataSource       : HikariCP - Start completed.
2025-12-15T01:53:20.418+08:00  INFO 29905 --- [ai-model-call] [main] c.scccy.aimodel.AiModelCallApplication   : Starting AiModelCallApplication using Java 17.0.16 with PID 29905 (/Volumes/project/github/ai/target/classes started by shici in /Volumes/project/github/ai)
2025-12-15T01:53:20.419+08:00  INFO 29905 --- [ai-model-call] [main] c.scccy.aimodel.AiModelCallApplication   : No active profile set, falling back to 1 default profile: "default"
2025-12-15T01:53:20.839+08:00  INFO 29905 --- [ai-model-call] [main] .s.a.c.BeanDefinitionDiagnosticProcessor : ============== 开始诊断 BeanDefinition ==============
2025-12-15T01:53:20.839+08:00  INFO 29905 --- [ai-model-call] [main] .s.a.c.BeanDefinitionDiagnosticProcessor : ✓ 未发现 factoryBeanObjectType 类型异常的 Bean
2025-12-15T01:53:20.839+08:00  INFO 29905 --- [ai-model-call] [main] .s.a.c.BeanDefinitionDiagnosticProcessor : ============== 诊断完成 ==============
2025-12-15T01:53:20.959+08:00  INFO 29905 --- [ai-model-call] [main] o.s.b.w.embedded.tomcat.TomcatWebServer  : Tomcat initialized with port 40000 (http)
2025-12-15T01:53:20.963+08:00  INFO 29905 --- [ai-model-call] [main] o.apache.catalina.core.StandardService   : Starting service [Tomcat]
2025-12-15T01:53:20.963+08:00  INFO 29905 --- [ai-model-call] [main] o.apache.catalina.core.StandardEngine    : Starting Servlet engine: [Apache Tomcat/10.1.20]
2025-12-15T01:53:20.983+08:00  INFO 29905 --- [ai-model-call] [main] o.a.c.c.C.[Tomcat].[localhost].[/]       : Initializing Spring embedded WebApplicationContext
2025-12-15T01:53:20.983+08:00  INFO 29905 --- [ai-model-call] [main] w.s.c.ServletWebServerApplicationContext : Root WebApplicationContext: initialization completed in 548 ms
2025-12-15T01:53:21.266+08:00  WARN 29905 --- [ai-model-call] [main] c.b.m.core.injector.DefaultSqlInjector   : class com.scccy.aimodel.domain.mp.DimDictionaryMappingMp ,Not found @TableId annotation, Cannot use Mybatis-Plus 'xxById' Method.
2025-12-15T01:53:21.484+08:00  INFO 29905 --- [ai-model-call] [main] m.e.s.MybatisPlusApplicationContextAware : Register ApplicationContext instances org.springframework.boot.web.servlet.context.AnnotationConfigServletWebServerApplicationContext@4de41af9
2025-12-15T01:53:21.518+08:00  INFO 29905 --- [ai-model-call] [main] o.s.b.w.embedded.tomcat.TomcatWebServer  : Tomcat started on port 40000 (http) with context path ''
2025-12-15T01:53:21.522+08:00  INFO 29905 --- [ai-model-call] [main] c.scccy.aimodel.AiModelCallApplication   : Started AiModelCallApplication in 1.283 seconds (process running for 1.922)
2025-12-15T01:53:38.711+08:00  INFO 29905 --- [ai-model-call] [http-nio-40000-exec-1] o.a.c.c.C.[Tomcat].[localhost].[/]       : Initializing Spring DispatcherServlet 'dispatcherServlet'
2025-12-15T01:53:38.712+08:00  INFO 29905 --- [ai-model-call] [http-nio-40000-exec-1] o.s.web.servlet.DispatcherServlet        : Initializing Servlet 'dispatcherServlet'
2025-12-15T01:53:38.717+08:00  INFO 29905 --- [ai-model-call] [http-nio-40000-exec-1] o.s.web.servlet.DispatcherServlet        : Completed initialization in 5 ms
2025-12-15T01:53:38.790+08:00  INFO 29905 --- [ai-model-call] [http-nio-40000-exec-1] com.zaxxer.hikari.HikariDataSource       : HikariCP - Starting...
2025-12-15T01:53:38.903+08:00  INFO 29905 --- [ai-model-call] [http-nio-40000-exec-1] com.zaxxer.hikari.pool.HikariPool        : HikariCP - Added connection com.mysql.cj.jdbc.ConnectionImpl@118bb01d
2025-12-15T01:53:38.904+08:00  INFO 29905 --- [ai-model-call] [http-nio-40000-exec-1] com.zaxxer.hikari.HikariDataSource       : HikariCP - Start completed.
